[0.000000] (-) TimerEvent: {}
[0.000104] (limo_car) JobQueued: {'identifier': 'limo_car', 'dependencies': OrderedDict()}
[0.000122] (limo_description) JobQueued: {'identifier': 'limo_description', 'dependencies': OrderedDict()}
[0.000263] (limo_msgs) JobQueued: {'identifier': 'limo_msgs', 'dependencies': OrderedDict()}
[0.000326] (limo_base) JobQueued: {'identifier': 'limo_base', 'dependencies': OrderedDict([('limo_msgs', '/home/dong/Documents/LIMO_GAZEBO/ws_limo_humble/install/limo_msgs')])}
[0.000353] (limo_msgs) JobStarted: {'identifier': 'limo_msgs'}
[0.003608] (limo_car) JobStarted: {'identifier': 'limo_car'}
[0.004981] (limo_description) JobStarted: {'identifier': 'limo_description'}
[0.007110] (limo_msgs) JobProgress: {'identifier': 'limo_msgs', 'progress': 'cmake'}
[0.007322] (limo_msgs) Command: {'cmd': ['/usr/bin/cmake', '/home/dong/Documents/LIMO_GAZEBO/ws_limo_humble/src/limo_ros2/limo_msgs', '-DAMENT_CMAKE_SYMLINK_INSTALL=1', '-DCMAKE_INSTALL_PREFIX=/home/dong/Documents/LIMO_GAZEBO/ws_limo_humble/install/limo_msgs'], 'cwd': '/home/dong/Documents/LIMO_GAZEBO/ws_limo_humble/build/limo_msgs', 'env': OrderedDict([('NVIDIA_CTK_LIBCUDA_DIR', '/usr/lib/x86_64-linux-gnu'), ('HOSTNAME', 'dong-Predator-PHN16S-71'), ('SHLVL', '1'), ('LD_LIBRARY_PATH', '/usr/lib/x86_64-linux-gnu/gazebo-11/plugins:/opt/ros/humble/opt/rviz_ogre_vendor/lib:/opt/ros/humble/lib/x86_64-linux-gnu:/opt/ros/humble/lib'), ('HOME', '/root'), ('OLDPWD', '/home/rcvlab0/Documents/ws_limo_humble'), ('ROS_PYTHON_VERSION', '3'), ('ROS_DISTRO', 'humble'), ('_', '/usr/bin/colcon'), ('ROS_VERSION', '2'), ('NVIDIA_DRIVER_CAPABILITIES', 'all'), ('TERM', 'xterm'), ('ROS_LOCALHOST_ONLY', '0'), ('QT_X11_NO_MITSHM', '1'), ('PATH', '/opt/ros/humble/bin:/usr/local/sbin:/usr/local/bin:/usr/sbin:/usr/bin:/sbin:/bin'), ('DISPLAY', ':0'), ('LANG', 'C.UTF-8'), ('LS_COLORS', 'rs=0:di=01;34:ln=01;36:mh=00:pi=40;33:so=01;35:do=01;35:bd=40;33;01:cd=40;33;01:or=40;31;01:mi=00:su=37;41:sg=30;43:ca=30;41:tw=30;42:ow=34;42:st=37;44:ex=01;32:*.tar=01;31:*.tgz=01;31:*.arc=01;31:*.arj=01;31:*.taz=01;31:*.lha=01;31:*.lz4=01;31:*.lzh=01;31:*.lzma=01;31:*.tlz=01;31:*.txz=01;31:*.tzo=01;31:*.t7z=01;31:*.zip=01;31:*.z=01;31:*.dz=01;31:*.gz=01;31:*.lrz=01;31:*.lz=01;31:*.lzo=01;31:*.xz=01;31:*.zst=01;31:*.tzst=01;31:*.bz2=01;31:*.bz=01;31:*.tbz=01;31:*.tbz2=01;31:*.tz=01;31:*.deb=01;31:*.rpm=01;31:*.jar=01;31:*.war=01;31:*.ear=01;31:*.sar=01;31:*.rar=01;31:*.alz=01;31:*.ace=01;31:*.zoo=01;31:*.cpio=01;31:*.7z=01;31:*.rz=01;31:*.cab=01;31:*.wim=01;31:*.swm=01;31:*.dwm=01;31:*.esd=01;31:*.jpg=01;35:*.jpeg=01;35:*.mjpg=01;35:*.mjpeg=01;35:*.gif=01;35:*.bmp=01;35:*.pbm=01;35:*.pgm=01;35:*.ppm=01;35:*.tga=01;35:*.xbm=01;35:*.xpm=01;35:*.tif=01;35:*.tiff=01;35:*.png=01;35:*.svg=01;35:*.svgz=01;35:*.mng=01;35:*.pcx=01;35:*.mov=01;35:*.mpg=01;35:*.mpeg=01;35:*.m2v=01;35:*.mkv=01;35:*.webm=01;35:*.webp=01;35:*.ogm=01;35:*.mp4=01;35:*.m4v=01;35:*.mp4v=01;35:*.vob=01;35:*.qt=01;35:*.nuv=01;35:*.wmv=01;35:*.asf=01;35:*.rm=01;35:*.rmvb=01;35:*.flc=01;35:*.avi=01;35:*.fli=01;35:*.flv=01;35:*.gl=01;35:*.dl=01;35:*.xcf=01;35:*.xwd=01;35:*.yuv=01;35:*.cgm=01;35:*.emf=01;35:*.ogv=01;35:*.ogx=01;35:*.aac=00;36:*.au=00;36:*.flac=00;36:*.m4a=00;36:*.mid=00;36:*.midi=00;36:*.mka=00;36:*.mp3=00;36:*.mpc=00;36:*.ogg=00;36:*.ra=00;36:*.wav=00;36:*.oga=00;36:*.opus=00;36:*.spx=00;36:*.xspf=00;36:'), ('AMENT_PREFIX_PATH', '/opt/ros/humble'), ('PWD', '/home/dong/Documents/LIMO_GAZEBO/ws_limo_humble/build/limo_msgs'), ('LC_ALL', 'C.UTF-8'), ('PYTHONPATH', '/opt/ros/humble/lib/python3.10/site-packages:/opt/ros/humble/local/lib/python3.10/dist-packages'), ('NVIDIA_VISIBLE_DEVICES', 'void'), ('COLCON', '1'), ('CMAKE_PREFIX_PATH', '/opt/ros/humble')]), 'shell': False}
[0.008839] (limo_car) JobProgress: {'identifier': 'limo_car', 'progress': 'cmake'}
[0.008997] (limo_car) Command: {'cmd': ['/usr/bin/cmake', '/home/dong/Documents/LIMO_GAZEBO/ws_limo_humble/src/limo_ros2/limo_car', '-DAMENT_CMAKE_SYMLINK_INSTALL=1', '-DCMAKE_INSTALL_PREFIX=/home/dong/Documents/LIMO_GAZEBO/ws_limo_humble/install/limo_car'], 'cwd': '/home/dong/Documents/LIMO_GAZEBO/ws_limo_humble/build/limo_car', 'env': OrderedDict([('NVIDIA_CTK_LIBCUDA_DIR', '/usr/lib/x86_64-linux-gnu'), ('HOSTNAME', 'dong-Predator-PHN16S-71'), ('SHLVL', '1'), ('LD_LIBRARY_PATH', '/usr/lib/x86_64-linux-gnu/gazebo-11/plugins:/opt/ros/humble/opt/rviz_ogre_vendor/lib:/opt/ros/humble/lib/x86_64-linux-gnu:/opt/ros/humble/lib'), ('HOME', '/root'), ('OLDPWD', '/home/rcvlab0/Documents/ws_limo_humble'), ('ROS_PYTHON_VERSION', '3'), ('ROS_DISTRO', 'humble'), ('_', '/usr/bin/colcon'), ('ROS_VERSION', '2'), ('NVIDIA_DRIVER_CAPABILITIES', 'all'), ('TERM', 'xterm'), ('ROS_LOCALHOST_ONLY', '0'), ('QT_X11_NO_MITSHM', '1'), ('PATH', '/opt/ros/humble/bin:/usr/local/sbin:/usr/local/bin:/usr/sbin:/usr/bin:/sbin:/bin'), ('DISPLAY', ':0'), ('LANG', 'C.UTF-8'), ('LS_COLORS', 'rs=0:di=01;34:ln=01;36:mh=00:pi=40;33:so=01;35:do=01;35:bd=40;33;01:cd=40;33;01:or=40;31;01:mi=00:su=37;41:sg=30;43:ca=30;41:tw=30;42:ow=34;42:st=37;44:ex=01;32:*.tar=01;31:*.tgz=01;31:*.arc=01;31:*.arj=01;31:*.taz=01;31:*.lha=01;31:*.lz4=01;31:*.lzh=01;31:*.lzma=01;31:*.tlz=01;31:*.txz=01;31:*.tzo=01;31:*.t7z=01;31:*.zip=01;31:*.z=01;31:*.dz=01;31:*.gz=01;31:*.lrz=01;31:*.lz=01;31:*.lzo=01;31:*.xz=01;31:*.zst=01;31:*.tzst=01;31:*.bz2=01;31:*.bz=01;31:*.tbz=01;31:*.tbz2=01;31:*.tz=01;31:*.deb=01;31:*.rpm=01;31:*.jar=01;31:*.war=01;31:*.ear=01;31:*.sar=01;31:*.rar=01;31:*.alz=01;31:*.ace=01;31:*.zoo=01;31:*.cpio=01;31:*.7z=01;31:*.rz=01;31:*.cab=01;31:*.wim=01;31:*.swm=01;31:*.dwm=01;31:*.esd=01;31:*.jpg=01;35:*.jpeg=01;35:*.mjpg=01;35:*.mjpeg=01;35:*.gif=01;35:*.bmp=01;35:*.pbm=01;35:*.pgm=01;35:*.ppm=01;35:*.tga=01;35:*.xbm=01;35:*.xpm=01;35:*.tif=01;35:*.tiff=01;35:*.png=01;35:*.svg=01;35:*.svgz=01;35:*.mng=01;35:*.pcx=01;35:*.mov=01;35:*.mpg=01;35:*.mpeg=01;35:*.m2v=01;35:*.mkv=01;35:*.webm=01;35:*.webp=01;35:*.ogm=01;35:*.mp4=01;35:*.m4v=01;35:*.mp4v=01;35:*.vob=01;35:*.qt=01;35:*.nuv=01;35:*.wmv=01;35:*.asf=01;35:*.rm=01;35:*.rmvb=01;35:*.flc=01;35:*.avi=01;35:*.fli=01;35:*.flv=01;35:*.gl=01;35:*.dl=01;35:*.xcf=01;35:*.xwd=01;35:*.yuv=01;35:*.cgm=01;35:*.emf=01;35:*.ogv=01;35:*.ogx=01;35:*.aac=00;36:*.au=00;36:*.flac=00;36:*.m4a=00;36:*.mid=00;36:*.midi=00;36:*.mka=00;36:*.mp3=00;36:*.mpc=00;36:*.ogg=00;36:*.ra=00;36:*.wav=00;36:*.oga=00;36:*.opus=00;36:*.spx=00;36:*.xspf=00;36:'), ('AMENT_PREFIX_PATH', '/opt/ros/humble'), ('PWD', '/home/dong/Documents/LIMO_GAZEBO/ws_limo_humble/build/limo_car'), ('LC_ALL', 'C.UTF-8'), ('PYTHONPATH', '/opt/ros/humble/lib/python3.10/site-packages:/opt/ros/humble/local/lib/python3.10/dist-packages'), ('NVIDIA_VISIBLE_DEVICES', 'void'), ('COLCON', '1'), ('CMAKE_PREFIX_PATH', '/opt/ros/humble')]), 'shell': False}
[0.010976] (limo_description) JobProgress: {'identifier': 'limo_description', 'progress': 'cmake'}
[0.011563] (limo_description) Command: {'cmd': ['/usr/bin/cmake', '/home/dong/Documents/LIMO_GAZEBO/ws_limo_humble/src/limo_ros2/limo_description', '-DAMENT_CMAKE_SYMLINK_INSTALL=1', '-DCMAKE_INSTALL_PREFIX=/home/dong/Documents/LIMO_GAZEBO/ws_limo_humble/install/limo_description'], 'cwd': '/home/dong/Documents/LIMO_GAZEBO/ws_limo_humble/build/limo_description', 'env': OrderedDict([('NVIDIA_CTK_LIBCUDA_DIR', '/usr/lib/x86_64-linux-gnu'), ('HOSTNAME', 'dong-Predator-PHN16S-71'), ('SHLVL', '1'), ('LD_LIBRARY_PATH', '/usr/lib/x86_64-linux-gnu/gazebo-11/plugins:/opt/ros/humble/opt/rviz_ogre_vendor/lib:/opt/ros/humble/lib/x86_64-linux-gnu:/opt/ros/humble/lib'), ('HOME', '/root'), ('OLDPWD', '/home/rcvlab0/Documents/ws_limo_humble'), ('ROS_PYTHON_VERSION', '3'), ('ROS_DISTRO', 'humble'), ('_', '/usr/bin/colcon'), ('ROS_VERSION', '2'), ('NVIDIA_DRIVER_CAPABILITIES', 'all'), ('TERM', 'xterm'), ('ROS_LOCALHOST_ONLY', '0'), ('QT_X11_NO_MITSHM', '1'), ('PATH', '/opt/ros/humble/bin:/usr/local/sbin:/usr/local/bin:/usr/sbin:/usr/bin:/sbin:/bin'), ('DISPLAY', ':0'), ('LANG', 'C.UTF-8'), ('LS_COLORS', 'rs=0:di=01;34:ln=01;36:mh=00:pi=40;33:so=01;35:do=01;35:bd=40;33;01:cd=40;33;01:or=40;31;01:mi=00:su=37;41:sg=30;43:ca=30;41:tw=30;42:ow=34;42:st=37;44:ex=01;32:*.tar=01;31:*.tgz=01;31:*.arc=01;31:*.arj=01;31:*.taz=01;31:*.lha=01;31:*.lz4=01;31:*.lzh=01;31:*.lzma=01;31:*.tlz=01;31:*.txz=01;31:*.tzo=01;31:*.t7z=01;31:*.zip=01;31:*.z=01;31:*.dz=01;31:*.gz=01;31:*.lrz=01;31:*.lz=01;31:*.lzo=01;31:*.xz=01;31:*.zst=01;31:*.tzst=01;31:*.bz2=01;31:*.bz=01;31:*.tbz=01;31:*.tbz2=01;31:*.tz=01;31:*.deb=01;31:*.rpm=01;31:*.jar=01;31:*.war=01;31:*.ear=01;31:*.sar=01;31:*.rar=01;31:*.alz=01;31:*.ace=01;31:*.zoo=01;31:*.cpio=01;31:*.7z=01;31:*.rz=01;31:*.cab=01;31:*.wim=01;31:*.swm=01;31:*.dwm=01;31:*.esd=01;31:*.jpg=01;35:*.jpeg=01;35:*.mjpg=01;35:*.mjpeg=01;35:*.gif=01;35:*.bmp=01;35:*.pbm=01;35:*.pgm=01;35:*.ppm=01;35:*.tga=01;35:*.xbm=01;35:*.xpm=01;35:*.tif=01;35:*.tiff=01;35:*.png=01;35:*.svg=01;35:*.svgz=01;35:*.mng=01;35:*.pcx=01;35:*.mov=01;35:*.mpg=01;35:*.mpeg=01;35:*.m2v=01;35:*.mkv=01;35:*.webm=01;35:*.webp=01;35:*.ogm=01;35:*.mp4=01;35:*.m4v=01;35:*.mp4v=01;35:*.vob=01;35:*.qt=01;35:*.nuv=01;35:*.wmv=01;35:*.asf=01;35:*.rm=01;35:*.rmvb=01;35:*.flc=01;35:*.avi=01;35:*.fli=01;35:*.flv=01;35:*.gl=01;35:*.dl=01;35:*.xcf=01;35:*.xwd=01;35:*.yuv=01;35:*.cgm=01;35:*.emf=01;35:*.ogv=01;35:*.ogx=01;35:*.aac=00;36:*.au=00;36:*.flac=00;36:*.m4a=00;36:*.mid=00;36:*.midi=00;36:*.mka=00;36:*.mp3=00;36:*.mpc=00;36:*.ogg=00;36:*.ra=00;36:*.wav=00;36:*.oga=00;36:*.opus=00;36:*.spx=00;36:*.xspf=00;36:'), ('AMENT_PREFIX_PATH', '/opt/ros/humble'), ('PWD', '/home/dong/Documents/LIMO_GAZEBO/ws_limo_humble/build/limo_description'), ('LC_ALL', 'C.UTF-8'), ('PYTHONPATH', '/opt/ros/humble/lib/python3.10/site-packages:/opt/ros/humble/local/lib/python3.10/dist-packages'), ('NVIDIA_VISIBLE_DEVICES', 'void'), ('COLCON', '1'), ('CMAKE_PREFIX_PATH', '/opt/ros/humble')]), 'shell': False}
[0.046450] (limo_msgs) StdoutLine: {'line': b'-- The C compiler identification is GNU 11.4.0\n'}
[0.049897] (limo_car) StdoutLine: {'line': b'-- The C compiler identification is GNU 11.4.0\n'}
[0.050564] (limo_description) StdoutLine: {'line': b'-- The C compiler identification is GNU 11.4.0\n'}
[0.081426] (limo_msgs) StdoutLine: {'line': b'-- The CXX compiler identification is GNU 11.4.0\n'}
[0.082463] (limo_car) StdoutLine: {'line': b'-- The CXX compiler identification is GNU 11.4.0\n'}
[0.085540] (limo_msgs) StdoutLine: {'line': b'-- Detecting C compiler ABI info\n'}
[0.087379] (limo_car) StdoutLine: {'line': b'-- Detecting C compiler ABI info\n'}
[0.087507] (limo_description) StdoutLine: {'line': b'-- The CXX compiler identification is GNU 11.4.0\n'}
[0.092156] (limo_description) StdoutLine: {'line': b'-- Detecting C compiler ABI info\n'}
[0.099578] (-) TimerEvent: {}
[0.134270] (limo_msgs) StdoutLine: {'line': b'-- Detecting C compiler ABI info - done\n'}
[0.135201] (limo_car) StdoutLine: {'line': b'-- Detecting C compiler ABI info - done\n'}
[0.138641] (limo_msgs) StdoutLine: {'line': b'-- Check for working C compiler: /usr/bin/cc - skipped\n'}
[0.138703] (limo_car) StdoutLine: {'line': b'-- Check for working C compiler: /usr/bin/cc - skipped\n'}
[0.138756] (limo_car) StdoutLine: {'line': b'-- Detecting C compile features\n'}
[0.138808] (limo_car) StdoutLine: {'line': b'-- Detecting C compile features - done\n'}
[0.138877] (limo_msgs) StdoutLine: {'line': b'-- Detecting C compile features\n'}
[0.139187] (limo_msgs) StdoutLine: {'line': b'-- Detecting C compile features - done\n'}
[0.140111] (limo_description) StdoutLine: {'line': b'-- Detecting C compiler ABI info - done\n'}
[0.140187] (limo_car) StdoutLine: {'line': b'-- Detecting CXX compiler ABI info\n'}
[0.142731] (limo_msgs) StdoutLine: {'line': b'-- Detecting CXX compiler ABI info\n'}
[0.145234] (limo_description) StdoutLine: {'line': b'-- Check for working C compiler: /usr/bin/cc - skipped\n'}
[0.145536] (limo_description) StdoutLine: {'line': b'-- Detecting C compile features\n'}
[0.145952] (limo_description) StdoutLine: {'line': b'-- Detecting C compile features - done\n'}
[0.149097] (limo_description) StdoutLine: {'line': b'-- Detecting CXX compiler ABI info\n'}
[0.197345] (limo_msgs) StdoutLine: {'line': b'-- Detecting CXX compiler ABI info - done\n'}
[0.197847] (limo_car) StdoutLine: {'line': b'-- Detecting CXX compiler ABI info - done\n'}
[0.200154] (-) TimerEvent: {}
[0.200797] (limo_msgs) StdoutLine: {'line': b'-- Check for working CXX compiler: /usr/bin/c++ - skipped\n'}
[0.201038] (limo_msgs) StdoutLine: {'line': b'-- Detecting CXX compile features\n'}
[0.201099] (limo_description) StdoutLine: {'line': b'-- Detecting CXX compiler ABI info - done\n'}
[0.201404] (limo_msgs) StdoutLine: {'line': b'-- Detecting CXX compile features - done\n'}
[0.203326] (limo_msgs) StdoutLine: {'line': b'-- Found ament_cmake: 1.3.14 (/opt/ros/humble/share/ament_cmake/cmake)\n'}
[0.208150] (limo_description) StdoutLine: {'line': b'-- Check for working CXX compiler: /usr/bin/c++ - skipped\n'}
[0.208262] (limo_description) StdoutLine: {'line': b'-- Detecting CXX compile features\n'}
[0.208297] (limo_description) StdoutLine: {'line': b'-- Detecting CXX compile features - done\n'}
[0.208326] (limo_car) StdoutLine: {'line': b'-- Check for working CXX compiler: /usr/bin/c++ - skipped\n'}
[0.208357] (limo_car) StdoutLine: {'line': b'-- Detecting CXX compile features\n'}
[0.208382] (limo_car) StdoutLine: {'line': b'-- Detecting CXX compile features - done\n'}
[0.208405] (limo_car) StdoutLine: {'line': b'-- Found ament_cmake: 1.3.14 (/opt/ros/humble/share/ament_cmake/cmake)\n'}
[0.209577] (limo_description) StdoutLine: {'line': b'-- Found ament_cmake: 1.3.14 (/opt/ros/humble/share/ament_cmake/cmake)\n'}
[0.302164] (limo_msgs) StdoutLine: {'line': b'-- Found Python3: /usr/bin/python3 (found version "3.10.12") found components: Interpreter \n'}
[0.302335] (-) TimerEvent: {}
[0.303479] (limo_description) StdoutLine: {'line': b'-- Found Python3: /usr/bin/python3 (found version "3.10.12") found components: Interpreter \n'}
[0.304832] (limo_car) StdoutLine: {'line': b'-- Found Python3: /usr/bin/python3 (found version "3.10.12") found components: Interpreter \n'}
[0.339211] (limo_description) StdoutLine: {'line': b'-- Override CMake install command with custom implementation using symlinks instead of copying resources\n'}
[0.340708] (limo_car) StdoutLine: {'line': b'-- Override CMake install command with custom implementation using symlinks instead of copying resources\n'}
[0.340784] (limo_msgs) StdoutLine: {'line': b'-- Override CMake install command with custom implementation using symlinks instead of copying resources\n'}
[0.356650] (limo_car) StdoutLine: {'line': b'-- Found ament_lint_auto: 0.12.15 (/opt/ros/humble/share/ament_lint_auto/cmake)\n'}
[0.357207] (limo_description) StdoutLine: {'line': b'-- Found ament_lint_auto: 0.12.15 (/opt/ros/humble/share/ament_lint_auto/cmake)\n'}
[0.357358] (limo_msgs) StdoutLine: {'line': b'-- Found std_msgs: 4.9.2 (/opt/ros/humble/share/std_msgs/cmake)\n'}
[0.376836] (limo_msgs) StdoutLine: {'line': b'-- Found rosidl_generator_c: 3.1.9 (/opt/ros/humble/share/rosidl_generator_c/cmake)\n'}
[0.380105] (limo_msgs) StdoutLine: {'line': b'-- Found rosidl_adapter: 3.1.9 (/opt/ros/humble/share/rosidl_adapter/cmake)\n'}
[0.384860] (limo_msgs) StdoutLine: {'line': b'-- Found rosidl_generator_cpp: 3.1.9 (/opt/ros/humble/share/rosidl_generator_cpp/cmake)\n'}
[0.391321] (limo_msgs) StdoutLine: {'line': b'-- Using all available rosidl_typesupport_c: rosidl_typesupport_fastrtps_c;rosidl_typesupport_introspection_c\n'}
[0.402538] (-) TimerEvent: {}
[0.407918] (limo_msgs) StdoutLine: {'line': b'-- Using all available rosidl_typesupport_cpp: rosidl_typesupport_fastrtps_cpp;rosidl_typesupport_introspection_cpp\n'}
[0.412536] (limo_description) StdoutLine: {'line': b"-- Added test 'copyright' to check source files copyright and LICENSE\n"}
[0.418797] (limo_description) StdoutLine: {'line': b"-- Added test 'flake8' to check Python code syntax and style conventions\n"}
[0.420186] (limo_description) StdoutLine: {'line': b"-- Added test 'lint_cmake' to check CMake code style\n"}
[0.420602] (limo_description) StdoutLine: {'line': b"-- Added test 'pep257' to check Python code against some of the docstring style conventions in PEP 257\n"}
[0.422432] (limo_description) StdoutLine: {'line': b"-- Added test 'xmllint' to check XML markup files\n"}
[0.424169] (limo_description) StdoutLine: {'line': b'-- Configuring done\n'}
[0.426695] (limo_description) StdoutLine: {'line': b'-- Generating done\n'}
[0.428609] (limo_description) StdoutLine: {'line': b'-- Build files have been written to: /home/dong/Documents/LIMO_GAZEBO/ws_limo_humble/build/limo_description\n'}
[0.431152] (limo_car) StdoutLine: {'line': b"-- Added test 'flake8' to check Python code syntax and style conventions\n"}
[0.432073] (limo_car) StdoutLine: {'line': b"-- Added test 'lint_cmake' to check CMake code style\n"}
[0.432735] (limo_car) StdoutLine: {'line': b"-- Added test 'pep257' to check Python code against some of the docstring style conventions in PEP 257\n"}
[0.433084] (limo_description) CommandEnded: {'returncode': 0}
[0.433413] (limo_description) JobProgress: {'identifier': 'limo_description', 'progress': 'build'}
[0.433852] (limo_description) Command: {'cmd': ['/usr/bin/cmake', '--build', '/home/dong/Documents/LIMO_GAZEBO/ws_limo_humble/build/limo_description', '--', '-j24', '-l24'], 'cwd': '/home/dong/Documents/LIMO_GAZEBO/ws_limo_humble/build/limo_description', 'env': OrderedDict([('NVIDIA_CTK_LIBCUDA_DIR', '/usr/lib/x86_64-linux-gnu'), ('HOSTNAME', 'dong-Predator-PHN16S-71'), ('SHLVL', '1'), ('LD_LIBRARY_PATH', '/usr/lib/x86_64-linux-gnu/gazebo-11/plugins:/opt/ros/humble/opt/rviz_ogre_vendor/lib:/opt/ros/humble/lib/x86_64-linux-gnu:/opt/ros/humble/lib'), ('HOME', '/root'), ('OLDPWD', '/home/rcvlab0/Documents/ws_limo_humble'), ('ROS_PYTHON_VERSION', '3'), ('ROS_DISTRO', 'humble'), ('_', '/usr/bin/colcon'), ('ROS_VERSION', '2'), ('NVIDIA_DRIVER_CAPABILITIES', 'all'), ('TERM', 'xterm'), ('ROS_LOCALHOST_ONLY', '0'), ('QT_X11_NO_MITSHM', '1'), ('PATH', '/opt/ros/humble/bin:/usr/local/sbin:/usr/local/bin:/usr/sbin:/usr/bin:/sbin:/bin'), ('DISPLAY', ':0'), ('LANG', 'C.UTF-8'), ('LS_COLORS', 'rs=0:di=01;34:ln=01;36:mh=00:pi=40;33:so=01;35:do=01;35:bd=40;33;01:cd=40;33;01:or=40;31;01:mi=00:su=37;41:sg=30;43:ca=30;41:tw=30;42:ow=34;42:st=37;44:ex=01;32:*.tar=01;31:*.tgz=01;31:*.arc=01;31:*.arj=01;31:*.taz=01;31:*.lha=01;31:*.lz4=01;31:*.lzh=01;31:*.lzma=01;31:*.tlz=01;31:*.txz=01;31:*.tzo=01;31:*.t7z=01;31:*.zip=01;31:*.z=01;31:*.dz=01;31:*.gz=01;31:*.lrz=01;31:*.lz=01;31:*.lzo=01;31:*.xz=01;31:*.zst=01;31:*.tzst=01;31:*.bz2=01;31:*.bz=01;31:*.tbz=01;31:*.tbz2=01;31:*.tz=01;31:*.deb=01;31:*.rpm=01;31:*.jar=01;31:*.war=01;31:*.ear=01;31:*.sar=01;31:*.rar=01;31:*.alz=01;31:*.ace=01;31:*.zoo=01;31:*.cpio=01;31:*.7z=01;31:*.rz=01;31:*.cab=01;31:*.wim=01;31:*.swm=01;31:*.dwm=01;31:*.esd=01;31:*.jpg=01;35:*.jpeg=01;35:*.mjpg=01;35:*.mjpeg=01;35:*.gif=01;35:*.bmp=01;35:*.pbm=01;35:*.pgm=01;35:*.ppm=01;35:*.tga=01;35:*.xbm=01;35:*.xpm=01;35:*.tif=01;35:*.tiff=01;35:*.png=01;35:*.svg=01;35:*.svgz=01;35:*.mng=01;35:*.pcx=01;35:*.mov=01;35:*.mpg=01;35:*.mpeg=01;35:*.m2v=01;35:*.mkv=01;35:*.webm=01;35:*.webp=01;35:*.ogm=01;35:*.mp4=01;35:*.m4v=01;35:*.mp4v=01;35:*.vob=01;35:*.qt=01;35:*.nuv=01;35:*.wmv=01;35:*.asf=01;35:*.rm=01;35:*.rmvb=01;35:*.flc=01;35:*.avi=01;35:*.fli=01;35:*.flv=01;35:*.gl=01;35:*.dl=01;35:*.xcf=01;35:*.xwd=01;35:*.yuv=01;35:*.cgm=01;35:*.emf=01;35:*.ogv=01;35:*.ogx=01;35:*.aac=00;36:*.au=00;36:*.flac=00;36:*.m4a=00;36:*.mid=00;36:*.midi=00;36:*.mka=00;36:*.mp3=00;36:*.mpc=00;36:*.ogg=00;36:*.ra=00;36:*.wav=00;36:*.oga=00;36:*.opus=00;36:*.spx=00;36:*.xspf=00;36:'), ('AMENT_PREFIX_PATH', '/opt/ros/humble'), ('PWD', '/home/dong/Documents/LIMO_GAZEBO/ws_limo_humble/build/limo_description'), ('LC_ALL', 'C.UTF-8'), ('PYTHONPATH', '/opt/ros/humble/lib/python3.10/site-packages:/opt/ros/humble/local/lib/python3.10/dist-packages'), ('NVIDIA_VISIBLE_DEVICES', 'void'), ('COLCON', '1'), ('CMAKE_PREFIX_PATH', '/opt/ros/humble')]), 'shell': False}
[0.435602] (limo_msgs) StdoutLine: {'line': b'-- Found rosidl_default_generators: 1.2.1 (/opt/ros/humble/share/rosidl_default_generators/cmake)\n'}
[0.435750] (limo_car) StdoutLine: {'line': b"-- Added test 'xmllint' to check XML markup files\n"}
[0.436206] (limo_car) StdoutLine: {'line': b'-- Configuring done\n'}
[0.438222] (limo_car) StdoutLine: {'line': b'-- Generating done\n'}
[0.439298] (limo_car) StdoutLine: {'line': b'-- Build files have been written to: /home/dong/Documents/LIMO_GAZEBO/ws_limo_humble/build/limo_car\n'}
[0.444809] (limo_car) CommandEnded: {'returncode': 0}
[0.445696] (limo_car) JobProgress: {'identifier': 'limo_car', 'progress': 'build'}
[0.445724] (limo_car) Command: {'cmd': ['/usr/bin/cmake', '--build', '/home/dong/Documents/LIMO_GAZEBO/ws_limo_humble/build/limo_car', '--', '-j24', '-l24'], 'cwd': '/home/dong/Documents/LIMO_GAZEBO/ws_limo_humble/build/limo_car', 'env': OrderedDict([('NVIDIA_CTK_LIBCUDA_DIR', '/usr/lib/x86_64-linux-gnu'), ('HOSTNAME', 'dong-Predator-PHN16S-71'), ('SHLVL', '1'), ('LD_LIBRARY_PATH', '/usr/lib/x86_64-linux-gnu/gazebo-11/plugins:/opt/ros/humble/opt/rviz_ogre_vendor/lib:/opt/ros/humble/lib/x86_64-linux-gnu:/opt/ros/humble/lib'), ('HOME', '/root'), ('OLDPWD', '/home/rcvlab0/Documents/ws_limo_humble'), ('ROS_PYTHON_VERSION', '3'), ('ROS_DISTRO', 'humble'), ('_', '/usr/bin/colcon'), ('ROS_VERSION', '2'), ('NVIDIA_DRIVER_CAPABILITIES', 'all'), ('TERM', 'xterm'), ('ROS_LOCALHOST_ONLY', '0'), ('QT_X11_NO_MITSHM', '1'), ('PATH', '/opt/ros/humble/bin:/usr/local/sbin:/usr/local/bin:/usr/sbin:/usr/bin:/sbin:/bin'), ('DISPLAY', ':0'), ('LANG', 'C.UTF-8'), ('LS_COLORS', 'rs=0:di=01;34:ln=01;36:mh=00:pi=40;33:so=01;35:do=01;35:bd=40;33;01:cd=40;33;01:or=40;31;01:mi=00:su=37;41:sg=30;43:ca=30;41:tw=30;42:ow=34;42:st=37;44:ex=01;32:*.tar=01;31:*.tgz=01;31:*.arc=01;31:*.arj=01;31:*.taz=01;31:*.lha=01;31:*.lz4=01;31:*.lzh=01;31:*.lzma=01;31:*.tlz=01;31:*.txz=01;31:*.tzo=01;31:*.t7z=01;31:*.zip=01;31:*.z=01;31:*.dz=01;31:*.gz=01;31:*.lrz=01;31:*.lz=01;31:*.lzo=01;31:*.xz=01;31:*.zst=01;31:*.tzst=01;31:*.bz2=01;31:*.bz=01;31:*.tbz=01;31:*.tbz2=01;31:*.tz=01;31:*.deb=01;31:*.rpm=01;31:*.jar=01;31:*.war=01;31:*.ear=01;31:*.sar=01;31:*.rar=01;31:*.alz=01;31:*.ace=01;31:*.zoo=01;31:*.cpio=01;31:*.7z=01;31:*.rz=01;31:*.cab=01;31:*.wim=01;31:*.swm=01;31:*.dwm=01;31:*.esd=01;31:*.jpg=01;35:*.jpeg=01;35:*.mjpg=01;35:*.mjpeg=01;35:*.gif=01;35:*.bmp=01;35:*.pbm=01;35:*.pgm=01;35:*.ppm=01;35:*.tga=01;35:*.xbm=01;35:*.xpm=01;35:*.tif=01;35:*.tiff=01;35:*.png=01;35:*.svg=01;35:*.svgz=01;35:*.mng=01;35:*.pcx=01;35:*.mov=01;35:*.mpg=01;35:*.mpeg=01;35:*.m2v=01;35:*.mkv=01;35:*.webm=01;35:*.webp=01;35:*.ogm=01;35:*.mp4=01;35:*.m4v=01;35:*.mp4v=01;35:*.vob=01;35:*.qt=01;35:*.nuv=01;35:*.wmv=01;35:*.asf=01;35:*.rm=01;35:*.rmvb=01;35:*.flc=01;35:*.avi=01;35:*.fli=01;35:*.flv=01;35:*.gl=01;35:*.dl=01;35:*.xcf=01;35:*.xwd=01;35:*.yuv=01;35:*.cgm=01;35:*.emf=01;35:*.ogv=01;35:*.ogx=01;35:*.aac=00;36:*.au=00;36:*.flac=00;36:*.m4a=00;36:*.mid=00;36:*.midi=00;36:*.mka=00;36:*.mp3=00;36:*.mpc=00;36:*.ogg=00;36:*.ra=00;36:*.wav=00;36:*.oga=00;36:*.opus=00;36:*.spx=00;36:*.xspf=00;36:'), ('AMENT_PREFIX_PATH', '/opt/ros/humble'), ('PWD', '/home/dong/Documents/LIMO_GAZEBO/ws_limo_humble/build/limo_car'), ('LC_ALL', 'C.UTF-8'), ('PYTHONPATH', '/opt/ros/humble/lib/python3.10/site-packages:/opt/ros/humble/local/lib/python3.10/dist-packages'), ('NVIDIA_VISIBLE_DEVICES', 'void'), ('COLCON', '1'), ('CMAKE_PREFIX_PATH', '/opt/ros/humble')]), 'shell': False}
[0.470768] (limo_description) CommandEnded: {'returncode': 0}
[0.472327] (limo_description) JobProgress: {'identifier': 'limo_description', 'progress': 'install'}
[0.478948] (limo_description) Command: {'cmd': ['/usr/bin/cmake', '--install', '/home/dong/Documents/LIMO_GAZEBO/ws_limo_humble/build/limo_description'], 'cwd': '/home/dong/Documents/LIMO_GAZEBO/ws_limo_humble/build/limo_description', 'env': OrderedDict([('NVIDIA_CTK_LIBCUDA_DIR', '/usr/lib/x86_64-linux-gnu'), ('HOSTNAME', 'dong-Predator-PHN16S-71'), ('SHLVL', '1'), ('LD_LIBRARY_PATH', '/usr/lib/x86_64-linux-gnu/gazebo-11/plugins:/opt/ros/humble/opt/rviz_ogre_vendor/lib:/opt/ros/humble/lib/x86_64-linux-gnu:/opt/ros/humble/lib'), ('HOME', '/root'), ('OLDPWD', '/home/rcvlab0/Documents/ws_limo_humble'), ('ROS_PYTHON_VERSION', '3'), ('ROS_DISTRO', 'humble'), ('_', '/usr/bin/colcon'), ('ROS_VERSION', '2'), ('NVIDIA_DRIVER_CAPABILITIES', 'all'), ('TERM', 'xterm'), ('ROS_LOCALHOST_ONLY', '0'), ('QT_X11_NO_MITSHM', '1'), ('PATH', '/opt/ros/humble/bin:/usr/local/sbin:/usr/local/bin:/usr/sbin:/usr/bin:/sbin:/bin'), ('DISPLAY', ':0'), ('LANG', 'C.UTF-8'), ('LS_COLORS', 'rs=0:di=01;34:ln=01;36:mh=00:pi=40;33:so=01;35:do=01;35:bd=40;33;01:cd=40;33;01:or=40;31;01:mi=00:su=37;41:sg=30;43:ca=30;41:tw=30;42:ow=34;42:st=37;44:ex=01;32:*.tar=01;31:*.tgz=01;31:*.arc=01;31:*.arj=01;31:*.taz=01;31:*.lha=01;31:*.lz4=01;31:*.lzh=01;31:*.lzma=01;31:*.tlz=01;31:*.txz=01;31:*.tzo=01;31:*.t7z=01;31:*.zip=01;31:*.z=01;31:*.dz=01;31:*.gz=01;31:*.lrz=01;31:*.lz=01;31:*.lzo=01;31:*.xz=01;31:*.zst=01;31:*.tzst=01;31:*.bz2=01;31:*.bz=01;31:*.tbz=01;31:*.tbz2=01;31:*.tz=01;31:*.deb=01;31:*.rpm=01;31:*.jar=01;31:*.war=01;31:*.ear=01;31:*.sar=01;31:*.rar=01;31:*.alz=01;31:*.ace=01;31:*.zoo=01;31:*.cpio=01;31:*.7z=01;31:*.rz=01;31:*.cab=01;31:*.wim=01;31:*.swm=01;31:*.dwm=01;31:*.esd=01;31:*.jpg=01;35:*.jpeg=01;35:*.mjpg=01;35:*.mjpeg=01;35:*.gif=01;35:*.bmp=01;35:*.pbm=01;35:*.pgm=01;35:*.ppm=01;35:*.tga=01;35:*.xbm=01;35:*.xpm=01;35:*.tif=01;35:*.tiff=01;35:*.png=01;35:*.svg=01;35:*.svgz=01;35:*.mng=01;35:*.pcx=01;35:*.mov=01;35:*.mpg=01;35:*.mpeg=01;35:*.m2v=01;35:*.mkv=01;35:*.webm=01;35:*.webp=01;35:*.ogm=01;35:*.mp4=01;35:*.m4v=01;35:*.mp4v=01;35:*.vob=01;35:*.qt=01;35:*.nuv=01;35:*.wmv=01;35:*.asf=01;35:*.rm=01;35:*.rmvb=01;35:*.flc=01;35:*.avi=01;35:*.fli=01;35:*.flv=01;35:*.gl=01;35:*.dl=01;35:*.xcf=01;35:*.xwd=01;35:*.yuv=01;35:*.cgm=01;35:*.emf=01;35:*.ogv=01;35:*.ogx=01;35:*.aac=00;36:*.au=00;36:*.flac=00;36:*.m4a=00;36:*.mid=00;36:*.midi=00;36:*.mka=00;36:*.mp3=00;36:*.mpc=00;36:*.ogg=00;36:*.ra=00;36:*.wav=00;36:*.oga=00;36:*.opus=00;36:*.spx=00;36:*.xspf=00;36:'), ('AMENT_PREFIX_PATH', '/opt/ros/humble'), ('PWD', '/home/dong/Documents/LIMO_GAZEBO/ws_limo_humble/build/limo_description'), ('LC_ALL', 'C.UTF-8'), ('PYTHONPATH', '/opt/ros/humble/lib/python3.10/site-packages:/opt/ros/humble/local/lib/python3.10/dist-packages'), ('NVIDIA_VISIBLE_DEVICES', 'void'), ('COLCON', '1'), ('CMAKE_PREFIX_PATH', '/opt/ros/humble')]), 'shell': False}
[0.480035] (limo_car) CommandEnded: {'returncode': 0}
[0.480303] (limo_car) JobProgress: {'identifier': 'limo_car', 'progress': 'install'}
[0.480465] (limo_car) Command: {'cmd': ['/usr/bin/cmake', '--install', '/home/dong/Documents/LIMO_GAZEBO/ws_limo_humble/build/limo_car'], 'cwd': '/home/dong/Documents/LIMO_GAZEBO/ws_limo_humble/build/limo_car', 'env': OrderedDict([('NVIDIA_CTK_LIBCUDA_DIR', '/usr/lib/x86_64-linux-gnu'), ('HOSTNAME', 'dong-Predator-PHN16S-71'), ('SHLVL', '1'), ('LD_LIBRARY_PATH', '/usr/lib/x86_64-linux-gnu/gazebo-11/plugins:/opt/ros/humble/opt/rviz_ogre_vendor/lib:/opt/ros/humble/lib/x86_64-linux-gnu:/opt/ros/humble/lib'), ('HOME', '/root'), ('OLDPWD', '/home/rcvlab0/Documents/ws_limo_humble'), ('ROS_PYTHON_VERSION', '3'), ('ROS_DISTRO', 'humble'), ('_', '/usr/bin/colcon'), ('ROS_VERSION', '2'), ('NVIDIA_DRIVER_CAPABILITIES', 'all'), ('TERM', 'xterm'), ('ROS_LOCALHOST_ONLY', '0'), ('QT_X11_NO_MITSHM', '1'), ('PATH', '/opt/ros/humble/bin:/usr/local/sbin:/usr/local/bin:/usr/sbin:/usr/bin:/sbin:/bin'), ('DISPLAY', ':0'), ('LANG', 'C.UTF-8'), ('LS_COLORS', 'rs=0:di=01;34:ln=01;36:mh=00:pi=40;33:so=01;35:do=01;35:bd=40;33;01:cd=40;33;01:or=40;31;01:mi=00:su=37;41:sg=30;43:ca=30;41:tw=30;42:ow=34;42:st=37;44:ex=01;32:*.tar=01;31:*.tgz=01;31:*.arc=01;31:*.arj=01;31:*.taz=01;31:*.lha=01;31:*.lz4=01;31:*.lzh=01;31:*.lzma=01;31:*.tlz=01;31:*.txz=01;31:*.tzo=01;31:*.t7z=01;31:*.zip=01;31:*.z=01;31:*.dz=01;31:*.gz=01;31:*.lrz=01;31:*.lz=01;31:*.lzo=01;31:*.xz=01;31:*.zst=01;31:*.tzst=01;31:*.bz2=01;31:*.bz=01;31:*.tbz=01;31:*.tbz2=01;31:*.tz=01;31:*.deb=01;31:*.rpm=01;31:*.jar=01;31:*.war=01;31:*.ear=01;31:*.sar=01;31:*.rar=01;31:*.alz=01;31:*.ace=01;31:*.zoo=01;31:*.cpio=01;31:*.7z=01;31:*.rz=01;31:*.cab=01;31:*.wim=01;31:*.swm=01;31:*.dwm=01;31:*.esd=01;31:*.jpg=01;35:*.jpeg=01;35:*.mjpg=01;35:*.mjpeg=01;35:*.gif=01;35:*.bmp=01;35:*.pbm=01;35:*.pgm=01;35:*.ppm=01;35:*.tga=01;35:*.xbm=01;35:*.xpm=01;35:*.tif=01;35:*.tiff=01;35:*.png=01;35:*.svg=01;35:*.svgz=01;35:*.mng=01;35:*.pcx=01;35:*.mov=01;35:*.mpg=01;35:*.mpeg=01;35:*.m2v=01;35:*.mkv=01;35:*.webm=01;35:*.webp=01;35:*.ogm=01;35:*.mp4=01;35:*.m4v=01;35:*.mp4v=01;35:*.vob=01;35:*.qt=01;35:*.nuv=01;35:*.wmv=01;35:*.asf=01;35:*.rm=01;35:*.rmvb=01;35:*.flc=01;35:*.avi=01;35:*.fli=01;35:*.flv=01;35:*.gl=01;35:*.dl=01;35:*.xcf=01;35:*.xwd=01;35:*.yuv=01;35:*.cgm=01;35:*.emf=01;35:*.ogv=01;35:*.ogx=01;35:*.aac=00;36:*.au=00;36:*.flac=00;36:*.m4a=00;36:*.mid=00;36:*.midi=00;36:*.mka=00;36:*.mp3=00;36:*.mpc=00;36:*.ogg=00;36:*.ra=00;36:*.wav=00;36:*.oga=00;36:*.opus=00;36:*.spx=00;36:*.xspf=00;36:'), ('AMENT_PREFIX_PATH', '/opt/ros/humble'), ('PWD', '/home/dong/Documents/LIMO_GAZEBO/ws_limo_humble/build/limo_car'), ('LC_ALL', 'C.UTF-8'), ('PYTHONPATH', '/opt/ros/humble/lib/python3.10/site-packages:/opt/ros/humble/local/lib/python3.10/dist-packages'), ('NVIDIA_VISIBLE_DEVICES', 'void'), ('COLCON', '1'), ('CMAKE_PREFIX_PATH', '/opt/ros/humble')]), 'shell': False}
[0.482279] (limo_description) StdoutLine: {'line': b'-- Install configuration: ""\n'}
[0.482601] (limo_description) StdoutLine: {'line': b'-- Execute custom install script\n'}
[0.482886] (limo_description) StdoutLine: {'line': b'-- Symlinking: /home/dong/Documents/LIMO_GAZEBO/ws_limo_humble/install/limo_description/share/limo_description/launch/display_models_diff.launch.py\n'}
[0.485723] (limo_car) StdoutLine: {'line': b'-- Install configuration: ""\n'}
[0.486162] (limo_car) StdoutLine: {'line': b'-- Execute custom install script\n'}
[0.486516] (limo_car) StdoutLine: {'line': b'-- Symlinking: /home/dong/Documents/LIMO_GAZEBO/ws_limo_humble/install/limo_car/share/limo_car/launch/__pycache__/ackermann_diagnostics.launch.cpython-310.pyc\n'}
[0.491038] (limo_description) StdoutLine: {'line': b'-- Symlinking: /home/dong/Documents/LIMO_GAZEBO/ws_limo_humble/install/limo_description/share/limo_description/launch/gazebo_models_diff.launch.py\n'}
[0.492749] (limo_car) StdoutLine: {'line': b'-- Symlinking: /home/dong/Documents/LIMO_GAZEBO/ws_limo_humble/install/limo_car/share/limo_car/launch/__pycache__/roboracer_sim.launch.cpython-310.pyc\n'}
[0.497644] (limo_description) StdoutLine: {'line': b'-- Symlinking: /home/dong/Documents/LIMO_GAZEBO/ws_limo_humble/install/limo_description/share/limo_description/meshes/limo_base.dae\n'}
[0.499798] (limo_car) StdoutLine: {'line': b'-- Symlinking: /home/dong/Documents/LIMO_GAZEBO/ws_limo_humble/install/limo_car/share/limo_car/launch/ackermann.launch.py\n'}
[0.502616] (-) TimerEvent: {}
[0.504416] (limo_description) StdoutLine: {'line': b'-- Symlinking: /home/dong/Documents/LIMO_GAZEBO/ws_limo_humble/install/limo_description/share/limo_description/meshes/limo_base.stl\n'}
[0.506393] (limo_car) StdoutLine: {'line': b'-- Symlinking: /home/dong/Documents/LIMO_GAZEBO/ws_limo_humble/install/limo_car/share/limo_car/launch/ackermann_gazebo.launch.py\n'}
[0.510337] (limo_description) StdoutLine: {'line': b'-- Symlinking: /home/dong/Documents/LIMO_GAZEBO/ws_limo_humble/install/limo_description/share/limo_description/meshes/limo_wheel.dae\n'}
[0.513465] (limo_car) StdoutLine: {'line': b'-- Symlinking: /home/dong/Documents/LIMO_GAZEBO/ws_limo_humble/install/limo_car/share/limo_car/launch/display_ackermann.launch.py\n'}
[0.516025] (limo_description) StdoutLine: {'line': b'-- Symlinking: /home/dong/Documents/LIMO_GAZEBO/ws_limo_humble/install/limo_description/share/limo_description/meshes/limo_wheel.stl\n'}
[0.518566] (limo_car) StdoutLine: {'line': b'-- Symlinking: /home/dong/Documents/LIMO_GAZEBO/ws_limo_humble/install/limo_car/share/limo_car/launch/four_diff.launch.py\n'}
[0.522409] (limo_car) StdoutLine: {'line': b'-- Symlinking: /home/dong/Documents/LIMO_GAZEBO/ws_limo_humble/install/limo_car/share/limo_car/launch/roboracer_4diff_sim.launch.py\n'}
[0.523464] (limo_description) StdoutLine: {'line': b'-- Symlinking: /home/dong/Documents/LIMO_GAZEBO/ws_limo_humble/install/limo_description/share/limo_description/rviz/model_display.rviz\n'}
[0.530230] (limo_description) StdoutLine: {'line': b'-- Symlinking: /home/dong/Documents/LIMO_GAZEBO/ws_limo_humble/install/limo_description/share/limo_description/rviz/urdf.rviz\n'}
[0.530387] (limo_car) StdoutLine: {'line': b'-- Symlinking: /home/dong/Documents/LIMO_GAZEBO/ws_limo_humble/install/limo_car/share/limo_car/launch/roboracer_sim.launch.py\n'}
[0.535410] (limo_description) StdoutLine: {'line': b'-- Symlinking: /home/dong/Documents/LIMO_GAZEBO/ws_limo_humble/install/limo_description/share/limo_description/urdf/limo_ackerman.gazebo\n'}
[0.536190] (limo_car) StdoutLine: {'line': b'-- Symlinking: /home/dong/Documents/LIMO_GAZEBO/ws_limo_humble/install/limo_car/share/limo_car/gazebo/ackermann.xacro\n'}
[0.540940] (limo_description) StdoutLine: {'line': b'-- Symlinking: /home/dong/Documents/LIMO_GAZEBO/ws_limo_humble/install/limo_description/share/limo_description/urdf/limo_ackerman.xacro\n'}
[0.544036] (limo_car) StdoutLine: {'line': b'-- Symlinking: /home/dong/Documents/LIMO_GAZEBO/ws_limo_humble/install/limo_car/share/limo_car/gazebo/ackermann_with_sensor.xacro\n'}
[0.545058] (limo_description) StdoutLine: {'line': b'-- Symlinking: /home/dong/Documents/LIMO_GAZEBO/ws_limo_humble/install/limo_description/share/limo_description/urdf/limo_four_diff.gazebo\n'}
[0.551425] (limo_car) StdoutLine: {'line': b'-- Symlinking: /home/dong/Documents/LIMO_GAZEBO/ws_limo_humble/install/limo_car/share/limo_car/gazebo/four_diff.xacro\n'}
[0.551741] (limo_description) StdoutLine: {'line': b'-- Symlinking: /home/dong/Documents/LIMO_GAZEBO/ws_limo_humble/install/limo_description/share/limo_description/urdf/limo_four_diff.xacro\n'}
[0.555977] (limo_description) StdoutLine: {'line': b'-- Symlinking: /home/dong/Documents/LIMO_GAZEBO/ws_limo_humble/install/limo_description/share/limo_description/urdf/limo_four_diff_2.gazebo\n'}
[0.556160] (limo_car) StdoutLine: {'line': b'-- Symlinking: /home/dong/Documents/LIMO_GAZEBO/ws_limo_humble/install/limo_car/share/limo_car/gazebo/four_diff_with_sensor.xacro\n'}
[0.560305] (limo_car) StdoutLine: {'line': b'-- Symlinking: /home/dong/Documents/LIMO_GAZEBO/ws_limo_humble/install/limo_car/share/limo_car/gazebo/sensor.xacro\n'}
[0.560986] (limo_description) StdoutLine: {'line': b'-- Symlinking: /home/dong/Documents/LIMO_GAZEBO/ws_limo_humble/install/limo_description/share/limo_description/urdf/limo_gazebo.gazebo\n'}
[0.565070] (limo_car) StdoutLine: {'line': b'-- Symlinking: /home/dong/Documents/LIMO_GAZEBO/ws_limo_humble/install/limo_car/share/limo_car/meshes/limo_base.dae\n'}
[0.566369] (limo_description) StdoutLine: {'line': b'-- Symlinking: /home/dong/Documents/LIMO_GAZEBO/ws_limo_humble/install/limo_description/share/limo_description/urdf/limo_steering_hinge.xacro\n'}
[0.571871] (limo_car) StdoutLine: {'line': b'-- Symlinking: /home/dong/Documents/LIMO_GAZEBO/ws_limo_humble/install/limo_car/share/limo_car/meshes/limo_base.stl\n'}
[0.573246] (limo_description) StdoutLine: {'line': b'-- Symlinking: /home/dong/Documents/LIMO_GAZEBO/ws_limo_humble/install/limo_description/share/limo_description/urdf/limo_xacro.xacro\n'}
[0.575818] (limo_car) StdoutLine: {'line': b'-- Symlinking: /home/dong/Documents/LIMO_GAZEBO/ws_limo_humble/install/limo_car/share/limo_car/meshes/limo_wheel.dae\n'}
[0.577782] (limo_description) StdoutLine: {'line': b'-- Symlinking: /home/dong/Documents/LIMO_GAZEBO/ws_limo_humble/install/limo_description/share/ament_index/resource_index/package_run_dependencies/limo_description\n'}
[0.580739] (limo_car) StdoutLine: {'line': b'-- Symlinking: /home/dong/Documents/LIMO_GAZEBO/ws_limo_humble/install/limo_car/share/limo_car/meshes/limo_wheel.stl\n'}
[0.583377] (limo_description) StdoutLine: {'line': b'-- Symlinking: /home/dong/Documents/LIMO_GAZEBO/ws_limo_humble/install/limo_description/share/ament_index/resource_index/parent_prefix_path/limo_description\n'}
[0.585619] (limo_car) StdoutLine: {'line': b'-- Symlinking: /home/dong/Documents/LIMO_GAZEBO/ws_limo_humble/install/limo_car/share/limo_car/rviz/gazebo.rviz\n'}
[0.589945] (limo_description) StdoutLine: {'line': b'-- Symlinking: /home/dong/Documents/LIMO_GAZEBO/ws_limo_humble/install/limo_description/share/limo_description/environment/ament_prefix_path.sh\n'}
[0.593375] (limo_car) StdoutLine: {'line': b'-- Symlinking: /home/dong/Documents/LIMO_GAZEBO/ws_limo_humble/install/limo_car/share/limo_car/rviz/urdf.rviz\n'}
[0.597518] (limo_description) StdoutLine: {'line': b'-- Symlinking: /home/dong/Documents/LIMO_GAZEBO/ws_limo_humble/install/limo_description/share/limo_description/environment/ament_prefix_path.dsv\n'}
[0.598118] (limo_car) StdoutLine: {'line': b'-- Symlinking: /home/dong/Documents/LIMO_GAZEBO/ws_limo_humble/install/limo_car/share/limo_car/urdf/limo_ackerman_base.xacro\n'}
[0.599681] (limo_msgs) StdoutLine: {'line': b'-- Found ament_cmake_ros: 0.10.0 (/opt/ros/humble/share/ament_cmake_ros/cmake)\n'}
[0.602690] (-) TimerEvent: {}
[0.603429] (limo_car) StdoutLine: {'line': b'-- Symlinking: /home/dong/Documents/LIMO_GAZEBO/ws_limo_humble/install/limo_car/share/limo_car/urdf/limo_anteil.xacro\n'}
[0.605096] (limo_description) StdoutLine: {'line': b'-- Symlinking: /home/dong/Documents/LIMO_GAZEBO/ws_limo_humble/install/limo_description/share/limo_description/environment/path.sh\n'}
[0.607956] (limo_car) StdoutLine: {'line': b'-- Symlinking: /home/dong/Documents/LIMO_GAZEBO/ws_limo_humble/install/limo_car/share/limo_car/urdf/limo_steering_hinge.xacro\n'}
[0.612164] (limo_car) StdoutLine: {'line': b'-- Symlinking: /home/dong/Documents/LIMO_GAZEBO/ws_limo_humble/install/limo_car/share/limo_car/worlds/roboracer/ifac_roboracer.world\n'}
[0.612732] (limo_description) StdoutLine: {'line': b'-- Symlinking: /home/dong/Documents/LIMO_GAZEBO/ws_limo_humble/install/limo_description/share/limo_description/environment/path.dsv\n'}
[0.617203] (limo_description) StdoutLine: {'line': b'-- Symlinking: /home/dong/Documents/LIMO_GAZEBO/ws_limo_humble/install/limo_description/share/limo_description/local_setup.bash\n'}
[0.617376] (limo_car) StdoutLine: {'line': b'-- Symlinking: /home/dong/Documents/LIMO_GAZEBO/ws_limo_humble/install/limo_car/share/limo_car/worlds/roboracer/ifac_roboracer_heightmap.png\n'}
[0.621382] (limo_description) StdoutLine: {'line': b'-- Symlinking: /home/dong/Documents/LIMO_GAZEBO/ws_limo_humble/install/limo_description/share/limo_description/local_setup.sh\n'}
[0.622166] (limo_car) StdoutLine: {'line': b'-- Symlinking: /home/dong/Documents/LIMO_GAZEBO/ws_limo_humble/install/limo_car/lib/limo_car/ackermann_twist_adapter.py\n'}
[0.627550] (limo_car) StdoutLine: {'line': b'-- Symlinking: /home/dong/Documents/LIMO_GAZEBO/ws_limo_humble/install/limo_car/share/ament_index/resource_index/package_run_dependencies/limo_car\n'}
[0.628447] (limo_description) StdoutLine: {'line': b'-- Symlinking: /home/dong/Documents/LIMO_GAZEBO/ws_limo_humble/install/limo_description/share/limo_description/local_setup.zsh\n'}
[0.631513] (limo_car) StdoutLine: {'line': b'-- Symlinking: /home/dong/Documents/LIMO_GAZEBO/ws_limo_humble/install/limo_car/share/ament_index/resource_index/parent_prefix_path/limo_car\n'}
[0.633406] (limo_description) StdoutLine: {'line': b'-- Symlinking: /home/dong/Documents/LIMO_GAZEBO/ws_limo_humble/install/limo_description/share/limo_description/local_setup.dsv\n'}
[0.636870] (limo_car) StdoutLine: {'line': b'-- Symlinking: /home/dong/Documents/LIMO_GAZEBO/ws_limo_humble/install/limo_car/share/limo_car/environment/ament_prefix_path.sh\n'}
[0.637828] (limo_description) StdoutLine: {'line': b'-- Symlinking: /home/dong/Documents/LIMO_GAZEBO/ws_limo_humble/install/limo_description/share/limo_description/package.dsv\n'}
[0.641139] (limo_car) StdoutLine: {'line': b'-- Symlinking: /home/dong/Documents/LIMO_GAZEBO/ws_limo_humble/install/limo_car/share/limo_car/environment/ament_prefix_path.dsv\n'}
[0.642648] (limo_description) StdoutLine: {'line': b'-- Symlinking: /home/dong/Documents/LIMO_GAZEBO/ws_limo_humble/install/limo_description/share/ament_index/resource_index/packages/limo_description\n'}
[0.645856] (limo_car) StdoutLine: {'line': b'-- Symlinking: /home/dong/Documents/LIMO_GAZEBO/ws_limo_humble/install/limo_car/share/limo_car/environment/path.sh\n'}
[0.647939] (limo_description) StdoutLine: {'line': b'-- Symlinking: /home/dong/Documents/LIMO_GAZEBO/ws_limo_humble/install/limo_description/share/limo_description/cmake/limo_descriptionConfig.cmake\n'}
[0.649949] (limo_car) StdoutLine: {'line': b'-- Symlinking: /home/dong/Documents/LIMO_GAZEBO/ws_limo_humble/install/limo_car/share/limo_car/environment/path.dsv\n'}
[0.652345] (limo_description) StdoutLine: {'line': b'-- Symlinking: /home/dong/Documents/LIMO_GAZEBO/ws_limo_humble/install/limo_description/share/limo_description/cmake/limo_descriptionConfig-version.cmake\n'}
[0.657151] (limo_car) StdoutLine: {'line': b'-- Symlinking: /home/dong/Documents/LIMO_GAZEBO/ws_limo_humble/install/limo_car/share/limo_car/local_setup.bash\n'}
[0.658597] (limo_description) StdoutLine: {'line': b'-- Symlinking: /home/dong/Documents/LIMO_GAZEBO/ws_limo_humble/install/limo_description/share/limo_description/package.xml\n'}
[0.661212] (limo_car) StdoutLine: {'line': b'-- Symlinking: /home/dong/Documents/LIMO_GAZEBO/ws_limo_humble/install/limo_car/share/limo_car/local_setup.sh\n'}
[0.665828] (limo_description) CommandEnded: {'returncode': 0}
[0.667678] (limo_car) StdoutLine: {'line': b'-- Symlinking: /home/dong/Documents/LIMO_GAZEBO/ws_limo_humble/install/limo_car/share/limo_car/local_setup.zsh\n'}
[0.672918] (limo_car) StdoutLine: {'line': b'-- Symlinking: /home/dong/Documents/LIMO_GAZEBO/ws_limo_humble/install/limo_car/share/limo_car/local_setup.dsv\n'}
[0.683491] (limo_car) StdoutLine: {'line': b'-- Symlinking: /home/dong/Documents/LIMO_GAZEBO/ws_limo_humble/install/limo_car/share/limo_car/package.dsv\n'}
[0.684524] (limo_car) StdoutLine: {'line': b'-- Symlinking: /home/dong/Documents/LIMO_GAZEBO/ws_limo_humble/install/limo_car/share/ament_index/resource_index/packages/limo_car\n'}
[0.686629] (limo_description) JobEnded: {'identifier': 'limo_description', 'rc': 0}
[0.690784] (limo_car) StdoutLine: {'line': b'-- Symlinking: /home/dong/Documents/LIMO_GAZEBO/ws_limo_humble/install/limo_car/share/limo_car/cmake/limo_carConfig.cmake\n'}
[0.697666] (limo_car) StdoutLine: {'line': b'-- Symlinking: /home/dong/Documents/LIMO_GAZEBO/ws_limo_humble/install/limo_car/share/limo_car/cmake/limo_carConfig-version.cmake\n'}
[0.703087] (-) TimerEvent: {}
[0.703308] (limo_car) StdoutLine: {'line': b'-- Symlinking: /home/dong/Documents/LIMO_GAZEBO/ws_limo_humble/install/limo_car/share/limo_car/package.xml\n'}
[0.709446] (limo_car) CommandEnded: {'returncode': 0}
[0.716356] (limo_car) JobEnded: {'identifier': 'limo_car', 'rc': 0}
[0.803375] (-) TimerEvent: {}
[0.815216] (limo_msgs) StdoutLine: {'line': b'-- Using all available rosidl_typesupport_c: rosidl_typesupport_fastrtps_c;rosidl_typesupport_introspection_c\n'}
[0.892912] (limo_msgs) StdoutLine: {'line': b'-- Using all available rosidl_typesupport_cpp: rosidl_typesupport_fastrtps_cpp;rosidl_typesupport_introspection_cpp\n'}
[0.903453] (-) TimerEvent: {}
[0.904215] (limo_msgs) StdoutLine: {'line': b'-- Found PythonInterp: /usr/bin/python3 (found suitable version "3.10.12", minimum required is "3.6") \n'}
[0.905116] (limo_msgs) StdoutLine: {'line': b'-- Found python_cmake_module: 0.10.0 (/opt/ros/humble/share/python_cmake_module/cmake)\n'}
[0.916888] (limo_msgs) StdoutLine: {'line': b'-- Found PythonLibs: /usr/lib/x86_64-linux-gnu/libpython3.10.so (found suitable version "3.10.12", minimum required is "3.5") \n'}
[0.917019] (limo_msgs) StdoutLine: {'line': b'-- Using PYTHON_EXECUTABLE: /usr/bin/python3\n'}
[0.917090] (limo_msgs) StdoutLine: {'line': b'-- Using PYTHON_INCLUDE_DIRS: /usr/include/python3.10\n'}
[0.917160] (limo_msgs) StdoutLine: {'line': b'-- Using PYTHON_LIBRARIES: /usr/lib/x86_64-linux-gnu/libpython3.10.so\n'}
[0.927584] (limo_msgs) StdoutLine: {'line': b'-- Found PythonExtra: .so  \n'}
[0.994438] (limo_msgs) StdoutLine: {'line': b'-- Found ament_lint_auto: 0.12.15 (/opt/ros/humble/share/ament_lint_auto/cmake)\n'}
[1.003624] (-) TimerEvent: {}
[1.007967] (limo_msgs) StdoutLine: {'line': b"-- Added test 'copyright' to check source files copyright and LICENSE\n"}
[1.008526] (limo_msgs) StdoutLine: {'line': b"-- Added test 'lint_cmake' to check CMake code style\n"}
[1.009250] (limo_msgs) StdoutLine: {'line': b"-- Added test 'xmllint' to check XML markup files\n"}
[1.010511] (limo_msgs) StdoutLine: {'line': b'-- Configuring done\n'}
[1.023976] (limo_msgs) StdoutLine: {'line': b'-- Generating done\n'}
[1.028672] (limo_msgs) StdoutLine: {'line': b'-- Build files have been written to: /home/dong/Documents/LIMO_GAZEBO/ws_limo_humble/build/limo_msgs\n'}
[1.034291] (limo_msgs) CommandEnded: {'returncode': 0}
[1.034713] (limo_msgs) JobProgress: {'identifier': 'limo_msgs', 'progress': 'build'}
[1.034960] (limo_msgs) Command: {'cmd': ['/usr/bin/cmake', '--build', '/home/dong/Documents/LIMO_GAZEBO/ws_limo_humble/build/limo_msgs', '--', '-j24', '-l24'], 'cwd': '/home/dong/Documents/LIMO_GAZEBO/ws_limo_humble/build/limo_msgs', 'env': OrderedDict([('NVIDIA_CTK_LIBCUDA_DIR', '/usr/lib/x86_64-linux-gnu'), ('HOSTNAME', 'dong-Predator-PHN16S-71'), ('SHLVL', '1'), ('LD_LIBRARY_PATH', '/usr/lib/x86_64-linux-gnu/gazebo-11/plugins:/opt/ros/humble/opt/rviz_ogre_vendor/lib:/opt/ros/humble/lib/x86_64-linux-gnu:/opt/ros/humble/lib'), ('HOME', '/root'), ('OLDPWD', '/home/rcvlab0/Documents/ws_limo_humble'), ('ROS_PYTHON_VERSION', '3'), ('ROS_DISTRO', 'humble'), ('_', '/usr/bin/colcon'), ('ROS_VERSION', '2'), ('NVIDIA_DRIVER_CAPABILITIES', 'all'), ('TERM', 'xterm'), ('ROS_LOCALHOST_ONLY', '0'), ('QT_X11_NO_MITSHM', '1'), ('PATH', '/opt/ros/humble/bin:/usr/local/sbin:/usr/local/bin:/usr/sbin:/usr/bin:/sbin:/bin'), ('DISPLAY', ':0'), ('LANG', 'C.UTF-8'), ('LS_COLORS', 'rs=0:di=01;34:ln=01;36:mh=00:pi=40;33:so=01;35:do=01;35:bd=40;33;01:cd=40;33;01:or=40;31;01:mi=00:su=37;41:sg=30;43:ca=30;41:tw=30;42:ow=34;42:st=37;44:ex=01;32:*.tar=01;31:*.tgz=01;31:*.arc=01;31:*.arj=01;31:*.taz=01;31:*.lha=01;31:*.lz4=01;31:*.lzh=01;31:*.lzma=01;31:*.tlz=01;31:*.txz=01;31:*.tzo=01;31:*.t7z=01;31:*.zip=01;31:*.z=01;31:*.dz=01;31:*.gz=01;31:*.lrz=01;31:*.lz=01;31:*.lzo=01;31:*.xz=01;31:*.zst=01;31:*.tzst=01;31:*.bz2=01;31:*.bz=01;31:*.tbz=01;31:*.tbz2=01;31:*.tz=01;31:*.deb=01;31:*.rpm=01;31:*.jar=01;31:*.war=01;31:*.ear=01;31:*.sar=01;31:*.rar=01;31:*.alz=01;31:*.ace=01;31:*.zoo=01;31:*.cpio=01;31:*.7z=01;31:*.rz=01;31:*.cab=01;31:*.wim=01;31:*.swm=01;31:*.dwm=01;31:*.esd=01;31:*.jpg=01;35:*.jpeg=01;35:*.mjpg=01;35:*.mjpeg=01;35:*.gif=01;35:*.bmp=01;35:*.pbm=01;35:*.pgm=01;35:*.ppm=01;35:*.tga=01;35:*.xbm=01;35:*.xpm=01;35:*.tif=01;35:*.tiff=01;35:*.png=01;35:*.svg=01;35:*.svgz=01;35:*.mng=01;35:*.pcx=01;35:*.mov=01;35:*.mpg=01;35:*.mpeg=01;35:*.m2v=01;35:*.mkv=01;35:*.webm=01;35:*.webp=01;35:*.ogm=01;35:*.mp4=01;35:*.m4v=01;35:*.mp4v=01;35:*.vob=01;35:*.qt=01;35:*.nuv=01;35:*.wmv=01;35:*.asf=01;35:*.rm=01;35:*.rmvb=01;35:*.flc=01;35:*.avi=01;35:*.fli=01;35:*.flv=01;35:*.gl=01;35:*.dl=01;35:*.xcf=01;35:*.xwd=01;35:*.yuv=01;35:*.cgm=01;35:*.emf=01;35:*.ogv=01;35:*.ogx=01;35:*.aac=00;36:*.au=00;36:*.flac=00;36:*.m4a=00;36:*.mid=00;36:*.midi=00;36:*.mka=00;36:*.mp3=00;36:*.mpc=00;36:*.ogg=00;36:*.ra=00;36:*.wav=00;36:*.oga=00;36:*.opus=00;36:*.spx=00;36:*.xspf=00;36:'), ('AMENT_PREFIX_PATH', '/opt/ros/humble'), ('PWD', '/home/dong/Documents/LIMO_GAZEBO/ws_limo_humble/build/limo_msgs'), ('LC_ALL', 'C.UTF-8'), ('PYTHONPATH', '/opt/ros/humble/lib/python3.10/site-packages:/opt/ros/humble/local/lib/python3.10/dist-packages'), ('NVIDIA_VISIBLE_DEVICES', 'void'), ('COLCON', '1'), ('CMAKE_PREFIX_PATH', '/opt/ros/humble')]), 'shell': False}
[1.068375] (limo_msgs) StdoutLine: {'line': b'[  3%] \x1b[34m\x1b[1mGenerating C code for ROS interfaces\x1b[0m\n'}
[1.074621] (limo_msgs) StdoutLine: {'line': b'[  6%] \x1b[34m\x1b[1mGenerating Rust code for ROS interfaces\x1b[0m\n'}
[1.074890] (limo_msgs) StdoutLine: {'line': b'[  9%] \x1b[34m\x1b[1mGenerating C++ code for ROS interfaces\x1b[0m\n'}
[1.083338] (limo_msgs) StdoutLine: {'line': b'[  9%] Built target ament_cmake_python_symlink_limo_msgs\n'}
[1.103729] (-) TimerEvent: {}
[1.193404] (limo_msgs) StdoutLine: {'line': b'running egg_info\n'}
[1.194184] (limo_msgs) StdoutLine: {'line': b'creating limo_msgs.egg-info\n'}
[1.194249] (limo_msgs) StdoutLine: {'line': b'writing limo_msgs.egg-info/PKG-INFO\n'}
[1.194282] (limo_msgs) StdoutLine: {'line': b'writing dependency_links to limo_msgs.egg-info/dependency_links.txt\n'}
[1.194316] (limo_msgs) StdoutLine: {'line': b'writing top-level names to limo_msgs.egg-info/top_level.txt\n'}
[1.194342] (limo_msgs) StdoutLine: {'line': b"writing manifest file 'limo_msgs.egg-info/SOURCES.txt'\n"}
[1.194840] (limo_msgs) StdoutLine: {'line': b"reading manifest file 'limo_msgs.egg-info/SOURCES.txt'\n"}
[1.195086] (limo_msgs) StdoutLine: {'line': b"writing manifest file 'limo_msgs.egg-info/SOURCES.txt'\n"}
[1.198649] (limo_msgs) StdoutLine: {'line': b'[  9%] Built target limo_msgs__rs\n'}
[1.203803] (-) TimerEvent: {}
[1.207870] (limo_msgs) StdoutLine: {'line': b'[ 12%] \x1b[32mBuilding C object CMakeFiles/limo_msgs__rosidl_generator_c.dir/rosidl_generator_c/limo_msgs/msg/detail/limo_status__functions.c.o\x1b[0m\n'}
[1.208993] (limo_msgs) StdoutLine: {'line': b'[ 12%] Built target limo_msgs__cpp\n'}
[1.210170] (limo_msgs) StdoutLine: {'line': b'[ 12%] Built target ament_cmake_python_build_limo_msgs_egg\n'}
[1.216926] (limo_msgs) StdoutLine: {'line': b'[ 21%] \x1b[34m\x1b[1mGenerating C++ type support dispatch for ROS interfaces\x1b[0m\n'}
[1.217041] (limo_msgs) StdoutLine: {'line': b'[ 15%] \x1b[34m\x1b[1mGenerating C++ type support for eProsima Fast-RTPS\x1b[0m\n'}
[1.217073] (limo_msgs) StdoutLine: {'line': b'[ 21%] \x1b[34m\x1b[1mGenerating C++ introspection for ROS interfaces\x1b[0m\n'}
[1.241270] (limo_msgs) StdoutLine: {'line': b'[ 25%] \x1b[32m\x1b[1mLinking C shared library liblimo_msgs__rosidl_generator_c.so\x1b[0m\n'}
[1.265498] (limo_msgs) StdoutLine: {'line': b'[ 25%] Built target limo_msgs__rosidl_generator_c\n'}
[1.274108] (limo_msgs) StdoutLine: {'line': b'[ 28%] \x1b[34m\x1b[1mGenerating C type support for eProsima Fast-RTPS\x1b[0m\n'}
[1.274214] (limo_msgs) StdoutLine: {'line': b'[ 31%] \x1b[34m\x1b[1mGenerating C introspection for ROS interfaces\x1b[0m\n'}
[1.274260] (limo_msgs) StdoutLine: {'line': b'[ 34%] \x1b[34m\x1b[1mGenerating C type support dispatch for ROS interfaces\x1b[0m\n'}
[1.305173] (-) TimerEvent: {}
[1.330621] (limo_msgs) StdoutLine: {'line': b'[ 37%] \x1b[32mBuilding CXX object CMakeFiles/limo_msgs__rosidl_typesupport_cpp.dir/rosidl_typesupport_cpp/limo_msgs/msg/limo_status__type_support.cpp.o\x1b[0m\n'}
[1.348929] (limo_msgs) StdoutLine: {'line': b'[ 40%] \x1b[32mBuilding CXX object CMakeFiles/limo_msgs__rosidl_typesupport_fastrtps_cpp.dir/rosidl_typesupport_fastrtps_cpp/limo_msgs/msg/detail/dds_fastrtps/limo_status__type_support.cpp.o\x1b[0m\n'}
[1.352103] (limo_msgs) StdoutLine: {'line': b'[ 43%] \x1b[32mBuilding CXX object CMakeFiles/limo_msgs__rosidl_typesupport_introspection_cpp.dir/rosidl_typesupport_introspection_cpp/limo_msgs/msg/detail/limo_status__type_support.cpp.o\x1b[0m\n'}
[1.405348] (-) TimerEvent: {}
[1.408161] (limo_msgs) StdoutLine: {'line': b'[ 46%] \x1b[32mBuilding CXX object CMakeFiles/limo_msgs__rosidl_typesupport_c.dir/rosidl_typesupport_c/limo_msgs/msg/limo_status__type_support.cpp.o\x1b[0m\n'}
[1.409546] (limo_msgs) StdoutLine: {'line': b'[ 50%] \x1b[32mBuilding C object CMakeFiles/limo_msgs__rosidl_typesupport_introspection_c.dir/rosidl_typesupport_introspection_c/limo_msgs/msg/detail/limo_status__type_support.c.o\x1b[0m\n'}
[1.424814] (limo_msgs) StdoutLine: {'line': b'[ 53%] \x1b[32mBuilding CXX object CMakeFiles/limo_msgs__rosidl_typesupport_fastrtps_c.dir/rosidl_typesupport_fastrtps_c/limo_msgs/msg/detail/limo_status__type_support_c.cpp.o\x1b[0m\n'}
[1.429043] (limo_msgs) StdoutLine: {'line': b'[ 56%] \x1b[32m\x1b[1mLinking CXX shared library liblimo_msgs__rosidl_typesupport_c.so\x1b[0m\n'}
[1.436040] (limo_msgs) StdoutLine: {'line': b'[ 59%] \x1b[32m\x1b[1mLinking C shared library liblimo_msgs__rosidl_typesupport_introspection_c.so\x1b[0m\n'}
[1.459729] (limo_msgs) StdoutLine: {'line': b'[ 59%] Built target limo_msgs__rosidl_typesupport_introspection_c\n'}
[1.460001] (limo_msgs) StdoutLine: {'line': b'[ 59%] Built target limo_msgs__rosidl_typesupport_c\n'}
[1.469876] (limo_msgs) StdoutLine: {'line': b'[ 62%] \x1b[32m\x1b[1mLinking CXX shared library liblimo_msgs__rosidl_typesupport_cpp.so\x1b[0m\n'}
[1.494609] (limo_msgs) StdoutLine: {'line': b'[ 62%] Built target limo_msgs__rosidl_typesupport_cpp\n'}
[1.505409] (-) TimerEvent: {}
[1.541500] (limo_msgs) StdoutLine: {'line': b'[ 65%] \x1b[32m\x1b[1mLinking CXX shared library liblimo_msgs__rosidl_typesupport_introspection_cpp.so\x1b[0m\n'}
[1.553278] (limo_msgs) StdoutLine: {'line': b'[ 68%] \x1b[32m\x1b[1mLinking CXX shared library liblimo_msgs__rosidl_typesupport_fastrtps_cpp.so\x1b[0m\n'}
[1.585081] (limo_msgs) StdoutLine: {'line': b'[ 71%] \x1b[32m\x1b[1mLinking CXX shared library liblimo_msgs__rosidl_typesupport_fastrtps_c.so\x1b[0m\n'}
[1.590236] (limo_msgs) StdoutLine: {'line': b'[ 71%] Built target limo_msgs__rosidl_typesupport_introspection_cpp\n'}
[1.600849] (limo_msgs) StdoutLine: {'line': b'[ 71%] Built target limo_msgs__rosidl_typesupport_fastrtps_cpp\n'}
[1.605478] (-) TimerEvent: {}
[1.637386] (limo_msgs) StdoutLine: {'line': b'[ 71%] Built target limo_msgs__rosidl_typesupport_fastrtps_c\n'}
[1.651446] (limo_msgs) StdoutLine: {'line': b'[ 71%] Built target limo_msgs\n'}
[1.665355] (limo_msgs) StdoutLine: {'line': b'[ 75%] \x1b[34m\x1b[1mGenerating Python code for ROS interfaces\x1b[0m\n'}
[1.705558] (-) TimerEvent: {}
[1.796391] (limo_msgs) StdoutLine: {'line': b'[ 75%] Built target limo_msgs__py\n'}
[1.805627] (-) TimerEvent: {}
[1.811087] (limo_msgs) StdoutLine: {'line': b'[ 78%] \x1b[32mBuilding C object CMakeFiles/limo_msgs__rosidl_generator_py.dir/rosidl_generator_py/limo_msgs/msg/_limo_status_s.c.o\x1b[0m\n'}
[1.864770] (limo_msgs) StdoutLine: {'line': b'[ 81%] \x1b[32m\x1b[1mLinking C shared library rosidl_generator_py/limo_msgs/liblimo_msgs__rosidl_generator_py.so\x1b[0m\n'}
[1.892157] (limo_msgs) StdoutLine: {'line': b'[ 81%] Built target limo_msgs__rosidl_generator_py\n'}
[1.905717] (-) TimerEvent: {}
[1.909068] (limo_msgs) StdoutLine: {'line': b'[ 84%] \x1b[32mBuilding C object CMakeFiles/limo_msgs__rosidl_typesupport_introspection_c__pyext.dir/rosidl_generator_py/limo_msgs/_limo_msgs_s.ep.rosidl_typesupport_introspection_c.c.o\x1b[0m\n'}
[1.912696] (limo_msgs) StdoutLine: {'line': b'[ 87%] \x1b[32mBuilding C object CMakeFiles/limo_msgs__rosidl_typesupport_fastrtps_c__pyext.dir/rosidl_generator_py/limo_msgs/_limo_msgs_s.ep.rosidl_typesupport_fastrtps_c.c.o\x1b[0m\n'}
[1.912738] (limo_msgs) StdoutLine: {'line': b'[ 90%] \x1b[32mBuilding C object CMakeFiles/limo_msgs__rosidl_typesupport_c__pyext.dir/rosidl_generator_py/limo_msgs/_limo_msgs_s.ep.rosidl_typesupport_c.c.o\x1b[0m\n'}
[1.962209] (limo_msgs) StdoutLine: {'line': b'[ 93%] \x1b[32m\x1b[1mLinking C shared library rosidl_generator_py/limo_msgs/limo_msgs_s__rosidl_typesupport_introspection_c.cpython-310-x86_64-linux-gnu.so\x1b[0m\n'}
[1.968564] (limo_msgs) StdoutLine: {'line': b'[ 96%] \x1b[32m\x1b[1mLinking C shared library rosidl_generator_py/limo_msgs/limo_msgs_s__rosidl_typesupport_fastrtps_c.cpython-310-x86_64-linux-gnu.so\x1b[0m\n'}
[1.973311] (limo_msgs) StdoutLine: {'line': b'[100%] \x1b[32m\x1b[1mLinking C shared library rosidl_generator_py/limo_msgs/limo_msgs_s__rosidl_typesupport_c.cpython-310-x86_64-linux-gnu.so\x1b[0m\n'}
[1.990431] (limo_msgs) StdoutLine: {'line': b'[100%] Built target limo_msgs__rosidl_typesupport_introspection_c__pyext\n'}
[1.992912] (limo_msgs) StdoutLine: {'line': b'[100%] Built target limo_msgs__rosidl_typesupport_fastrtps_c__pyext\n'}
[1.999454] (limo_msgs) StdoutLine: {'line': b'[100%] Built target limo_msgs__rosidl_typesupport_c__pyext\n'}
[2.005772] (-) TimerEvent: {}
[2.009471] (limo_msgs) CommandEnded: {'returncode': 0}
[2.009880] (limo_msgs) JobProgress: {'identifier': 'limo_msgs', 'progress': 'install'}
[2.012153] (limo_msgs) Command: {'cmd': ['/usr/bin/cmake', '--install', '/home/dong/Documents/LIMO_GAZEBO/ws_limo_humble/build/limo_msgs'], 'cwd': '/home/dong/Documents/LIMO_GAZEBO/ws_limo_humble/build/limo_msgs', 'env': OrderedDict([('NVIDIA_CTK_LIBCUDA_DIR', '/usr/lib/x86_64-linux-gnu'), ('HOSTNAME', 'dong-Predator-PHN16S-71'), ('SHLVL', '1'), ('LD_LIBRARY_PATH', '/usr/lib/x86_64-linux-gnu/gazebo-11/plugins:/opt/ros/humble/opt/rviz_ogre_vendor/lib:/opt/ros/humble/lib/x86_64-linux-gnu:/opt/ros/humble/lib'), ('HOME', '/root'), ('OLDPWD', '/home/rcvlab0/Documents/ws_limo_humble'), ('ROS_PYTHON_VERSION', '3'), ('ROS_DISTRO', 'humble'), ('_', '/usr/bin/colcon'), ('ROS_VERSION', '2'), ('NVIDIA_DRIVER_CAPABILITIES', 'all'), ('TERM', 'xterm'), ('ROS_LOCALHOST_ONLY', '0'), ('QT_X11_NO_MITSHM', '1'), ('PATH', '/opt/ros/humble/bin:/usr/local/sbin:/usr/local/bin:/usr/sbin:/usr/bin:/sbin:/bin'), ('DISPLAY', ':0'), ('LANG', 'C.UTF-8'), ('LS_COLORS', 'rs=0:di=01;34:ln=01;36:mh=00:pi=40;33:so=01;35:do=01;35:bd=40;33;01:cd=40;33;01:or=40;31;01:mi=00:su=37;41:sg=30;43:ca=30;41:tw=30;42:ow=34;42:st=37;44:ex=01;32:*.tar=01;31:*.tgz=01;31:*.arc=01;31:*.arj=01;31:*.taz=01;31:*.lha=01;31:*.lz4=01;31:*.lzh=01;31:*.lzma=01;31:*.tlz=01;31:*.txz=01;31:*.tzo=01;31:*.t7z=01;31:*.zip=01;31:*.z=01;31:*.dz=01;31:*.gz=01;31:*.lrz=01;31:*.lz=01;31:*.lzo=01;31:*.xz=01;31:*.zst=01;31:*.tzst=01;31:*.bz2=01;31:*.bz=01;31:*.tbz=01;31:*.tbz2=01;31:*.tz=01;31:*.deb=01;31:*.rpm=01;31:*.jar=01;31:*.war=01;31:*.ear=01;31:*.sar=01;31:*.rar=01;31:*.alz=01;31:*.ace=01;31:*.zoo=01;31:*.cpio=01;31:*.7z=01;31:*.rz=01;31:*.cab=01;31:*.wim=01;31:*.swm=01;31:*.dwm=01;31:*.esd=01;31:*.jpg=01;35:*.jpeg=01;35:*.mjpg=01;35:*.mjpeg=01;35:*.gif=01;35:*.bmp=01;35:*.pbm=01;35:*.pgm=01;35:*.ppm=01;35:*.tga=01;35:*.xbm=01;35:*.xpm=01;35:*.tif=01;35:*.tiff=01;35:*.png=01;35:*.svg=01;35:*.svgz=01;35:*.mng=01;35:*.pcx=01;35:*.mov=01;35:*.mpg=01;35:*.mpeg=01;35:*.m2v=01;35:*.mkv=01;35:*.webm=01;35:*.webp=01;35:*.ogm=01;35:*.mp4=01;35:*.m4v=01;35:*.mp4v=01;35:*.vob=01;35:*.qt=01;35:*.nuv=01;35:*.wmv=01;35:*.asf=01;35:*.rm=01;35:*.rmvb=01;35:*.flc=01;35:*.avi=01;35:*.fli=01;35:*.flv=01;35:*.gl=01;35:*.dl=01;35:*.xcf=01;35:*.xwd=01;35:*.yuv=01;35:*.cgm=01;35:*.emf=01;35:*.ogv=01;35:*.ogx=01;35:*.aac=00;36:*.au=00;36:*.flac=00;36:*.m4a=00;36:*.mid=00;36:*.midi=00;36:*.mka=00;36:*.mp3=00;36:*.mpc=00;36:*.ogg=00;36:*.ra=00;36:*.wav=00;36:*.oga=00;36:*.opus=00;36:*.spx=00;36:*.xspf=00;36:'), ('AMENT_PREFIX_PATH', '/opt/ros/humble'), ('PWD', '/home/dong/Documents/LIMO_GAZEBO/ws_limo_humble/build/limo_msgs'), ('LC_ALL', 'C.UTF-8'), ('PYTHONPATH', '/opt/ros/humble/lib/python3.10/site-packages:/opt/ros/humble/local/lib/python3.10/dist-packages'), ('NVIDIA_VISIBLE_DEVICES', 'void'), ('COLCON', '1'), ('CMAKE_PREFIX_PATH', '/opt/ros/humble')]), 'shell': False}
[2.017726] (limo_msgs) StdoutLine: {'line': b'-- Install configuration: ""\n'}
[2.018142] (limo_msgs) StdoutLine: {'line': b'-- Execute custom install script\n'}
[2.018648] (limo_msgs) StdoutLine: {'line': b'-- Symlinking: /home/dong/Documents/LIMO_GAZEBO/ws_limo_humble/install/limo_msgs/share/ament_index/resource_index/rosidl_interfaces/limo_msgs\n'}
[2.023029] (limo_msgs) StdoutLine: {'line': b'-- Symlinking: /home/dong/Documents/LIMO_GAZEBO/ws_limo_humble/install/limo_msgs/include/limo_msgs/limo_msgs/msg/detail/limo_status__functions.h\n'}
[2.027050] (limo_msgs) StdoutLine: {'line': b'-- Symlinking: /home/dong/Documents/LIMO_GAZEBO/ws_limo_humble/install/limo_msgs/include/limo_msgs/limo_msgs/msg/detail/limo_status__struct.h\n'}
[2.032669] (limo_msgs) StdoutLine: {'line': b'-- Symlinking: /home/dong/Documents/LIMO_GAZEBO/ws_limo_humble/install/limo_msgs/include/limo_msgs/limo_msgs/msg/detail/limo_status__type_support.h\n'}
[2.036546] (limo_msgs) StdoutLine: {'line': b'-- Symlinking: /home/dong/Documents/LIMO_GAZEBO/ws_limo_humble/install/limo_msgs/include/limo_msgs/limo_msgs/msg/limo_status.h\n'}
[2.040407] (limo_msgs) StdoutLine: {'line': b'-- Symlinking: /home/dong/Documents/LIMO_GAZEBO/ws_limo_humble/install/limo_msgs/include/limo_msgs/limo_msgs/msg/rosidl_generator_c__visibility_control.h\n'}
[2.044267] (limo_msgs) StdoutLine: {'line': b'-- Symlinking: /home/dong/Documents/LIMO_GAZEBO/ws_limo_humble/install/limo_msgs/share/limo_msgs/environment/library_path.sh\n'}
[2.048601] (limo_msgs) StdoutLine: {'line': b'-- Symlinking: /home/dong/Documents/LIMO_GAZEBO/ws_limo_humble/install/limo_msgs/share/limo_msgs/environment/library_path.dsv\n'}
[2.052861] (limo_msgs) StdoutLine: {'line': b'-- Symlinking: /home/dong/Documents/LIMO_GAZEBO/ws_limo_humble/install/limo_msgs/include/limo_msgs/limo_msgs/msg/detail/limo_status__rosidl_typesupport_fastrtps_c.h\n'}
[2.060106] (limo_msgs) StdoutLine: {'line': b'-- Symlinking: /home/dong/Documents/LIMO_GAZEBO/ws_limo_humble/install/limo_msgs/include/limo_msgs/limo_msgs/msg/rosidl_typesupport_fastrtps_c__visibility_control.h\n'}
[2.064190] (limo_msgs) StdoutLine: {'line': b'-- Symlinking: /home/dong/Documents/LIMO_GAZEBO/ws_limo_humble/install/limo_msgs/include/limo_msgs/limo_msgs/msg/detail/limo_status__builder.hpp\n'}
[2.068111] (limo_msgs) StdoutLine: {'line': b'-- Symlinking: /home/dong/Documents/LIMO_GAZEBO/ws_limo_humble/install/limo_msgs/include/limo_msgs/limo_msgs/msg/detail/limo_status__struct.hpp\n'}
[2.074203] (limo_msgs) StdoutLine: {'line': b'-- Symlinking: /home/dong/Documents/LIMO_GAZEBO/ws_limo_humble/install/limo_msgs/include/limo_msgs/limo_msgs/msg/detail/limo_status__traits.hpp\n'}
[2.078917] (limo_msgs) StdoutLine: {'line': b'-- Symlinking: /home/dong/Documents/LIMO_GAZEBO/ws_limo_humble/install/limo_msgs/include/limo_msgs/limo_msgs/msg/detail/limo_status__type_support.hpp\n'}
[2.085690] (limo_msgs) StdoutLine: {'line': b'-- Symlinking: /home/dong/Documents/LIMO_GAZEBO/ws_limo_humble/install/limo_msgs/include/limo_msgs/limo_msgs/msg/limo_status.hpp\n'}
[2.089354] (limo_msgs) StdoutLine: {'line': b'-- Symlinking: /home/dong/Documents/LIMO_GAZEBO/ws_limo_humble/install/limo_msgs/include/limo_msgs/limo_msgs/msg/rosidl_generator_cpp__visibility_control.hpp\n'}
[2.094544] (limo_msgs) StdoutLine: {'line': b'-- Symlinking: /home/dong/Documents/LIMO_GAZEBO/ws_limo_humble/install/limo_msgs/include/limo_msgs/limo_msgs/msg/detail/limo_status__rosidl_typesupport_fastrtps_cpp.hpp\n'}
[2.101511] (limo_msgs) StdoutLine: {'line': b'-- Symlinking: /home/dong/Documents/LIMO_GAZEBO/ws_limo_humble/install/limo_msgs/include/limo_msgs/limo_msgs/msg/rosidl_typesupport_fastrtps_cpp__visibility_control.h\n'}
[2.105302] (limo_msgs) StdoutLine: {'line': b'-- Symlinking: /home/dong/Documents/LIMO_GAZEBO/ws_limo_humble/install/limo_msgs/include/limo_msgs/limo_msgs/msg/detail/limo_status__rosidl_typesupport_introspection_c.h\n'}
[2.105830] (-) TimerEvent: {}
[2.108924] (limo_msgs) StdoutLine: {'line': b'-- Symlinking: /home/dong/Documents/LIMO_GAZEBO/ws_limo_humble/install/limo_msgs/include/limo_msgs/limo_msgs/msg/rosidl_typesupport_introspection_c__visibility_control.h\n'}
[2.115000] (limo_msgs) StdoutLine: {'line': b'-- Symlinking: /home/dong/Documents/LIMO_GAZEBO/ws_limo_humble/install/limo_msgs/include/limo_msgs/limo_msgs/msg/detail/limo_status__rosidl_typesupport_introspection_cpp.hpp\n'}
[2.121892] (limo_msgs) StdoutLine: {'line': b'-- Symlinking: /home/dong/Documents/LIMO_GAZEBO/ws_limo_humble/install/limo_msgs/share/limo_msgs/environment/pythonpath.sh\n'}
[2.126083] (limo_msgs) StdoutLine: {'line': b'-- Symlinking: /home/dong/Documents/LIMO_GAZEBO/ws_limo_humble/install/limo_msgs/share/limo_msgs/environment/pythonpath.dsv\n'}
[2.131353] (limo_msgs) StdoutLine: {'line': b'-- Symlinking: /home/dong/Documents/LIMO_GAZEBO/ws_limo_humble/install/limo_msgs/local/lib/python3.10/dist-packages/limo_msgs-0.0.0-py3.10.egg-info/PKG-INFO\n'}
[2.138657] (limo_msgs) StdoutLine: {'line': b'-- Symlinking: /home/dong/Documents/LIMO_GAZEBO/ws_limo_humble/install/limo_msgs/local/lib/python3.10/dist-packages/limo_msgs-0.0.0-py3.10.egg-info/SOURCES.txt\n'}
[2.146346] (limo_msgs) StdoutLine: {'line': b'-- Symlinking: /home/dong/Documents/LIMO_GAZEBO/ws_limo_humble/install/limo_msgs/local/lib/python3.10/dist-packages/limo_msgs-0.0.0-py3.10.egg-info/dependency_links.txt\n'}
[2.151130] (limo_msgs) StdoutLine: {'line': b'-- Symlinking: /home/dong/Documents/LIMO_GAZEBO/ws_limo_humble/install/limo_msgs/local/lib/python3.10/dist-packages/limo_msgs-0.0.0-py3.10.egg-info/top_level.txt\n'}
[2.155217] (limo_msgs) StdoutLine: {'line': b'-- Symlinking: /home/dong/Documents/LIMO_GAZEBO/ws_limo_humble/install/limo_msgs/local/lib/python3.10/dist-packages/limo_msgs/__init__.py\n'}
[2.159665] (limo_msgs) StdoutLine: {'line': b'-- Symlinking: /home/dong/Documents/LIMO_GAZEBO/ws_limo_humble/install/limo_msgs/local/lib/python3.10/dist-packages/limo_msgs/_limo_msgs_s.ep.rosidl_typesupport_c.c\n'}
[2.165435] (limo_msgs) StdoutLine: {'line': b'-- Symlinking: /home/dong/Documents/LIMO_GAZEBO/ws_limo_humble/install/limo_msgs/local/lib/python3.10/dist-packages/limo_msgs/_limo_msgs_s.ep.rosidl_typesupport_fastrtps_c.c\n'}
[2.169980] (limo_msgs) StdoutLine: {'line': b'-- Symlinking: /home/dong/Documents/LIMO_GAZEBO/ws_limo_humble/install/limo_msgs/local/lib/python3.10/dist-packages/limo_msgs/_limo_msgs_s.ep.rosidl_typesupport_introspection_c.c\n'}
[2.177389] (limo_msgs) StdoutLine: {'line': b'-- Symlinking: /home/dong/Documents/LIMO_GAZEBO/ws_limo_humble/install/limo_msgs/local/lib/python3.10/dist-packages/limo_msgs/liblimo_msgs__rosidl_generator_py.so\n'}
[2.183992] (limo_msgs) StdoutLine: {'line': b'-- Symlinking: /home/dong/Documents/LIMO_GAZEBO/ws_limo_humble/install/limo_msgs/local/lib/python3.10/dist-packages/limo_msgs/limo_msgs_s__rosidl_typesupport_c.cpython-310-x86_64-linux-gnu.so\n'}
[2.187395] (limo_msgs) StdoutLine: {'line': b'-- Symlinking: /home/dong/Documents/LIMO_GAZEBO/ws_limo_humble/install/limo_msgs/local/lib/python3.10/dist-packages/limo_msgs/limo_msgs_s__rosidl_typesupport_fastrtps_c.cpython-310-x86_64-linux-gnu.so\n'}
[2.195369] (limo_msgs) StdoutLine: {'line': b'-- Symlinking: /home/dong/Documents/LIMO_GAZEBO/ws_limo_humble/install/limo_msgs/local/lib/python3.10/dist-packages/limo_msgs/limo_msgs_s__rosidl_typesupport_introspection_c.cpython-310-x86_64-linux-gnu.so\n'}
[2.201316] (limo_msgs) StdoutLine: {'line': b'-- Symlinking: /home/dong/Documents/LIMO_GAZEBO/ws_limo_humble/install/limo_msgs/local/lib/python3.10/dist-packages/limo_msgs/msg/__init__.py\n'}
[2.206058] (-) TimerEvent: {}
[2.206516] (limo_msgs) StdoutLine: {'line': b'-- Symlinking: /home/dong/Documents/LIMO_GAZEBO/ws_limo_humble/install/limo_msgs/local/lib/python3.10/dist-packages/limo_msgs/msg/_limo_status.py\n'}
[2.212431] (limo_msgs) StdoutLine: {'line': b'-- Symlinking: /home/dong/Documents/LIMO_GAZEBO/ws_limo_humble/install/limo_msgs/local/lib/python3.10/dist-packages/limo_msgs/msg/_limo_status_s.c\n'}
[2.217479] (limo_msgs) StdoutLine: {'line': b'-- Up-to-date symlink: /home/dong/Documents/LIMO_GAZEBO/ws_limo_humble/install/limo_msgs/local/lib/python3.10/dist-packages/limo_msgs/limo_msgs_s__rosidl_typesupport_fastrtps_c.cpython-310-x86_64-linux-gnu.so\n'}
[2.217672] (limo_msgs) StdoutLine: {'line': b'-- Up-to-date symlink: /home/dong/Documents/LIMO_GAZEBO/ws_limo_humble/install/limo_msgs/local/lib/python3.10/dist-packages/limo_msgs/limo_msgs_s__rosidl_typesupport_introspection_c.cpython-310-x86_64-linux-gnu.so\n'}
[2.217978] (limo_msgs) StdoutLine: {'line': b'-- Up-to-date symlink: /home/dong/Documents/LIMO_GAZEBO/ws_limo_humble/install/limo_msgs/local/lib/python3.10/dist-packages/limo_msgs/limo_msgs_s__rosidl_typesupport_c.cpython-310-x86_64-linux-gnu.so\n'}
[2.218091] (limo_msgs) StdoutLine: {'line': b'-- Symlinking: /home/dong/Documents/LIMO_GAZEBO/ws_limo_humble/install/limo_msgs/share/ament_index/resource_index/rust_packages/limo_msgs\n'}
[2.222924] (limo_msgs) StdoutLine: {'line': b'-- Symlinking: /home/dong/Documents/LIMO_GAZEBO/ws_limo_humble/install/limo_msgs/share/limo_msgs/rust/Cargo.toml\n'}
[2.227730] (limo_msgs) StdoutLine: {'line': b'-- Symlinking: /home/dong/Documents/LIMO_GAZEBO/ws_limo_humble/install/limo_msgs/share/limo_msgs/rust/build.rs\n'}
[2.231538] (limo_msgs) StdoutLine: {'line': b'-- Symlinking: /home/dong/Documents/LIMO_GAZEBO/ws_limo_humble/install/limo_msgs/share/limo_msgs/rust/src/lib.rs\n'}
[2.235433] (limo_msgs) StdoutLine: {'line': b'-- Symlinking: /home/dong/Documents/LIMO_GAZEBO/ws_limo_humble/install/limo_msgs/share/limo_msgs/rust/src/msg.rs\n'}
[2.241083] (limo_msgs) StdoutLine: {'line': b'-- Symlinking: /home/dong/Documents/LIMO_GAZEBO/ws_limo_humble/install/limo_msgs/share/limo_msgs/rust/src/msg/rmw.rs\n'}
[2.248405] (limo_msgs) StdoutLine: {'line': b'-- Symlinking: /home/dong/Documents/LIMO_GAZEBO/ws_limo_humble/install/limo_msgs/share/limo_msgs/msg/LimoStatus.idl\n'}
[2.252428] (limo_msgs) StdoutLine: {'line': b'-- Symlinking: /home/dong/Documents/LIMO_GAZEBO/ws_limo_humble/install/limo_msgs/share/limo_msgs/msg/LimoStatus.msg\n'}
[2.256802] (limo_msgs) StdoutLine: {'line': b'-- Symlinking: /home/dong/Documents/LIMO_GAZEBO/ws_limo_humble/install/limo_msgs/share/ament_index/resource_index/package_run_dependencies/limo_msgs\n'}
[2.261469] (limo_msgs) StdoutLine: {'line': b'-- Symlinking: /home/dong/Documents/LIMO_GAZEBO/ws_limo_humble/install/limo_msgs/share/ament_index/resource_index/parent_prefix_path/limo_msgs\n'}
[2.268693] (limo_msgs) StdoutLine: {'line': b'-- Symlinking: /home/dong/Documents/LIMO_GAZEBO/ws_limo_humble/install/limo_msgs/share/limo_msgs/environment/ament_prefix_path.sh\n'}
[2.274016] (limo_msgs) StdoutLine: {'line': b'-- Symlinking: /home/dong/Documents/LIMO_GAZEBO/ws_limo_humble/install/limo_msgs/share/limo_msgs/environment/ament_prefix_path.dsv\n'}
[2.280066] (limo_msgs) StdoutLine: {'line': b'-- Symlinking: /home/dong/Documents/LIMO_GAZEBO/ws_limo_humble/install/limo_msgs/share/limo_msgs/environment/path.sh\n'}
[2.285514] (limo_msgs) StdoutLine: {'line': b'-- Symlinking: /home/dong/Documents/LIMO_GAZEBO/ws_limo_humble/install/limo_msgs/share/limo_msgs/environment/path.dsv\n'}
[2.292924] (limo_msgs) StdoutLine: {'line': b'-- Symlinking: /home/dong/Documents/LIMO_GAZEBO/ws_limo_humble/install/limo_msgs/share/limo_msgs/local_setup.bash\n'}
[2.299302] (limo_msgs) StdoutLine: {'line': b'-- Symlinking: /home/dong/Documents/LIMO_GAZEBO/ws_limo_humble/install/limo_msgs/share/limo_msgs/local_setup.sh\n'}
[2.305837] (limo_msgs) StdoutLine: {'line': b'-- Symlinking: /home/dong/Documents/LIMO_GAZEBO/ws_limo_humble/install/limo_msgs/share/limo_msgs/local_setup.zsh\n'}
[2.306194] (-) TimerEvent: {}
[2.311666] (limo_msgs) StdoutLine: {'line': b'-- Symlinking: /home/dong/Documents/LIMO_GAZEBO/ws_limo_humble/install/limo_msgs/share/limo_msgs/local_setup.dsv\n'}
[2.319134] (limo_msgs) StdoutLine: {'line': b'-- Symlinking: /home/dong/Documents/LIMO_GAZEBO/ws_limo_humble/install/limo_msgs/share/limo_msgs/package.dsv\n'}
[2.324108] (limo_msgs) StdoutLine: {'line': b'-- Symlinking: /home/dong/Documents/LIMO_GAZEBO/ws_limo_humble/install/limo_msgs/share/ament_index/resource_index/packages/limo_msgs\n'}
[2.328132] (limo_msgs) StdoutLine: {'line': b'-- Symlinking: /home/dong/Documents/LIMO_GAZEBO/ws_limo_humble/install/limo_msgs/share/limo_msgs/cmake/rosidl_cmake-extras.cmake\n'}
[2.332172] (limo_msgs) StdoutLine: {'line': b'-- Symlinking: /home/dong/Documents/LIMO_GAZEBO/ws_limo_humble/install/limo_msgs/share/limo_msgs/cmake/ament_cmake_export_dependencies-extras.cmake\n'}
[2.339168] (limo_msgs) StdoutLine: {'line': b'-- Symlinking: /home/dong/Documents/LIMO_GAZEBO/ws_limo_humble/install/limo_msgs/share/limo_msgs/cmake/ament_cmake_export_include_directories-extras.cmake\n'}
[2.347473] (limo_msgs) StdoutLine: {'line': b'-- Symlinking: /home/dong/Documents/LIMO_GAZEBO/ws_limo_humble/install/limo_msgs/share/limo_msgs/cmake/ament_cmake_export_libraries-extras.cmake\n'}
[2.351438] (limo_msgs) StdoutLine: {'line': b'-- Symlinking: /home/dong/Documents/LIMO_GAZEBO/ws_limo_humble/install/limo_msgs/share/limo_msgs/cmake/ament_cmake_export_targets-extras.cmake\n'}
[2.355177] (limo_msgs) StdoutLine: {'line': b'-- Symlinking: /home/dong/Documents/LIMO_GAZEBO/ws_limo_humble/install/limo_msgs/share/limo_msgs/cmake/rosidl_cmake_export_typesupport_targets-extras.cmake\n'}
[2.360077] (limo_msgs) StdoutLine: {'line': b'-- Symlinking: /home/dong/Documents/LIMO_GAZEBO/ws_limo_humble/install/limo_msgs/share/limo_msgs/cmake/rosidl_cmake_export_typesupport_libraries-extras.cmake\n'}
[2.365620] (limo_msgs) StdoutLine: {'line': b'-- Symlinking: /home/dong/Documents/LIMO_GAZEBO/ws_limo_humble/install/limo_msgs/share/limo_msgs/cmake/rosidl_cmake_aggregate_target-extras.cmake\n'}
[2.371208] (limo_msgs) StdoutLine: {'line': b'-- Symlinking: /home/dong/Documents/LIMO_GAZEBO/ws_limo_humble/install/limo_msgs/share/limo_msgs/cmake/limo_msgsConfig.cmake\n'}
[2.376273] (limo_msgs) StdoutLine: {'line': b'-- Symlinking: /home/dong/Documents/LIMO_GAZEBO/ws_limo_humble/install/limo_msgs/share/limo_msgs/cmake/limo_msgsConfig-version.cmake\n'}
[2.382744] (limo_msgs) StdoutLine: {'line': b'-- Symlinking: /home/dong/Documents/LIMO_GAZEBO/ws_limo_humble/install/limo_msgs/share/limo_msgs/package.xml\n'}
[2.386149] (limo_msgs) StdoutLine: {'line': b'-- Installing: /home/dong/Documents/LIMO_GAZEBO/ws_limo_humble/install/limo_msgs/lib/liblimo_msgs__rosidl_generator_c.so\n'}
[2.386380] (limo_msgs) StdoutLine: {'line': b'-- Set runtime path of "/home/dong/Documents/LIMO_GAZEBO/ws_limo_humble/install/limo_msgs/lib/liblimo_msgs__rosidl_generator_c.so" to ""\n'}
[2.386629] (limo_msgs) StdoutLine: {'line': b'-- Installing: /home/dong/Documents/LIMO_GAZEBO/ws_limo_humble/install/limo_msgs/lib/liblimo_msgs__rosidl_typesupport_fastrtps_c.so\n'}
[2.386655] (limo_msgs) StdoutLine: {'line': b'-- Set runtime path of "/home/dong/Documents/LIMO_GAZEBO/ws_limo_humble/install/limo_msgs/lib/liblimo_msgs__rosidl_typesupport_fastrtps_c.so" to ""\n'}
[2.386676] (limo_msgs) StdoutLine: {'line': b'-- Installing: /home/dong/Documents/LIMO_GAZEBO/ws_limo_humble/install/limo_msgs/lib/liblimo_msgs__rosidl_typesupport_fastrtps_cpp.so\n'}
[2.386861] (limo_msgs) StdoutLine: {'line': b'-- Set runtime path of "/home/dong/Documents/LIMO_GAZEBO/ws_limo_humble/install/limo_msgs/lib/liblimo_msgs__rosidl_typesupport_fastrtps_cpp.so" to ""\n'}
[2.386883] (limo_msgs) StdoutLine: {'line': b'-- Installing: /home/dong/Documents/LIMO_GAZEBO/ws_limo_humble/install/limo_msgs/lib/liblimo_msgs__rosidl_typesupport_introspection_c.so\n'}
[2.386901] (limo_msgs) StdoutLine: {'line': b'-- Set runtime path of "/home/dong/Documents/LIMO_GAZEBO/ws_limo_humble/install/limo_msgs/lib/liblimo_msgs__rosidl_typesupport_introspection_c.so" to ""\n'}
[2.386943] (limo_msgs) StdoutLine: {'line': b'-- Installing: /home/dong/Documents/LIMO_GAZEBO/ws_limo_humble/install/limo_msgs/lib/liblimo_msgs__rosidl_typesupport_c.so\n'}
[2.386976] (limo_msgs) StdoutLine: {'line': b'-- Set runtime path of "/home/dong/Documents/LIMO_GAZEBO/ws_limo_humble/install/limo_msgs/lib/liblimo_msgs__rosidl_typesupport_c.so" to ""\n'}
[2.386996] (limo_msgs) StdoutLine: {'line': b'-- Installing: /home/dong/Documents/LIMO_GAZEBO/ws_limo_humble/install/limo_msgs/lib/liblimo_msgs__rosidl_typesupport_introspection_cpp.so\n'}
[2.387014] (limo_msgs) StdoutLine: {'line': b'-- Set runtime path of "/home/dong/Documents/LIMO_GAZEBO/ws_limo_humble/install/limo_msgs/lib/liblimo_msgs__rosidl_typesupport_introspection_cpp.so" to ""\n'}
[2.387033] (limo_msgs) StdoutLine: {'line': b'-- Installing: /home/dong/Documents/LIMO_GAZEBO/ws_limo_humble/install/limo_msgs/lib/liblimo_msgs__rosidl_typesupport_cpp.so\n'}
[2.387050] (limo_msgs) StdoutLine: {'line': b'-- Set runtime path of "/home/dong/Documents/LIMO_GAZEBO/ws_limo_humble/install/limo_msgs/lib/liblimo_msgs__rosidl_typesupport_cpp.so" to ""\n'}
[2.403189] (limo_msgs) StdoutLine: {'line': b"Listing '/home/dong/Documents/LIMO_GAZEBO/ws_limo_humble/install/limo_msgs/local/lib/python3.10/dist-packages/limo_msgs'...\n"}
[2.403248] (limo_msgs) StdoutLine: {'line': b"Compiling '/home/dong/Documents/LIMO_GAZEBO/ws_limo_humble/install/limo_msgs/local/lib/python3.10/dist-packages/limo_msgs/__init__.py'...\n"}
[2.403274] (limo_msgs) StdoutLine: {'line': b"Listing '/home/dong/Documents/LIMO_GAZEBO/ws_limo_humble/install/limo_msgs/local/lib/python3.10/dist-packages/limo_msgs/msg'...\n"}
[2.403301] (limo_msgs) StdoutLine: {'line': b"Compiling '/home/dong/Documents/LIMO_GAZEBO/ws_limo_humble/install/limo_msgs/local/lib/python3.10/dist-packages/limo_msgs/msg/__init__.py'...\n"}
[2.403323] (limo_msgs) StdoutLine: {'line': b"Compiling '/home/dong/Documents/LIMO_GAZEBO/ws_limo_humble/install/limo_msgs/local/lib/python3.10/dist-packages/limo_msgs/msg/_limo_status.py'...\n"}
[2.404694] (limo_msgs) StdoutLine: {'line': b'-- Installing: /home/dong/Documents/LIMO_GAZEBO/ws_limo_humble/install/limo_msgs/lib/liblimo_msgs__rosidl_generator_py.so\n'}
[2.404813] (limo_msgs) StdoutLine: {'line': b'-- Set runtime path of "/home/dong/Documents/LIMO_GAZEBO/ws_limo_humble/install/limo_msgs/lib/liblimo_msgs__rosidl_generator_py.so" to ""\n'}
[2.404851] (limo_msgs) StdoutLine: {'line': b'-- Installing: /home/dong/Documents/LIMO_GAZEBO/ws_limo_humble/install/limo_msgs/share/limo_msgs/cmake/export_limo_msgs__rosidl_generator_cExport.cmake\n'}
[2.404912] (limo_msgs) StdoutLine: {'line': b'-- Installing: /home/dong/Documents/LIMO_GAZEBO/ws_limo_humble/install/limo_msgs/share/limo_msgs/cmake/export_limo_msgs__rosidl_generator_cExport-noconfig.cmake\n'}
[2.404975] (limo_msgs) StdoutLine: {'line': b'-- Installing: /home/dong/Documents/LIMO_GAZEBO/ws_limo_humble/install/limo_msgs/share/limo_msgs/cmake/export_limo_msgs__rosidl_typesupport_fastrtps_cExport.cmake\n'}
[2.405035] (limo_msgs) StdoutLine: {'line': b'-- Installing: /home/dong/Documents/LIMO_GAZEBO/ws_limo_humble/install/limo_msgs/share/limo_msgs/cmake/export_limo_msgs__rosidl_typesupport_fastrtps_cExport-noconfig.cmake\n'}
[2.405095] (limo_msgs) StdoutLine: {'line': b'-- Installing: /home/dong/Documents/LIMO_GAZEBO/ws_limo_humble/install/limo_msgs/share/limo_msgs/cmake/export_limo_msgs__rosidl_generator_cppExport.cmake\n'}
[2.405155] (limo_msgs) StdoutLine: {'line': b'-- Installing: /home/dong/Documents/LIMO_GAZEBO/ws_limo_humble/install/limo_msgs/share/limo_msgs/cmake/export_limo_msgs__rosidl_typesupport_fastrtps_cppExport.cmake\n'}
[2.405212] (limo_msgs) StdoutLine: {'line': b'-- Installing: /home/dong/Documents/LIMO_GAZEBO/ws_limo_humble/install/limo_msgs/share/limo_msgs/cmake/export_limo_msgs__rosidl_typesupport_fastrtps_cppExport-noconfig.cmake\n'}
[2.405269] (limo_msgs) StdoutLine: {'line': b'-- Installing: /home/dong/Documents/LIMO_GAZEBO/ws_limo_humble/install/limo_msgs/share/limo_msgs/cmake/limo_msgs__rosidl_typesupport_introspection_cExport.cmake\n'}
[2.405322] (limo_msgs) StdoutLine: {'line': b'-- Installing: /home/dong/Documents/LIMO_GAZEBO/ws_limo_humble/install/limo_msgs/share/limo_msgs/cmake/limo_msgs__rosidl_typesupport_introspection_cExport-noconfig.cmake\n'}
[2.405382] (limo_msgs) StdoutLine: {'line': b'-- Installing: /home/dong/Documents/LIMO_GAZEBO/ws_limo_humble/install/limo_msgs/share/limo_msgs/cmake/limo_msgs__rosidl_typesupport_cExport.cmake\n'}
[2.405432] (limo_msgs) StdoutLine: {'line': b'-- Installing: /home/dong/Documents/LIMO_GAZEBO/ws_limo_humble/install/limo_msgs/share/limo_msgs/cmake/limo_msgs__rosidl_typesupport_cExport-noconfig.cmake\n'}
[2.405486] (limo_msgs) StdoutLine: {'line': b'-- Installing: /home/dong/Documents/LIMO_GAZEBO/ws_limo_humble/install/limo_msgs/share/limo_msgs/cmake/limo_msgs__rosidl_typesupport_introspection_cppExport.cmake\n'}
[2.405544] (limo_msgs) StdoutLine: {'line': b'-- Installing: /home/dong/Documents/LIMO_GAZEBO/ws_limo_humble/install/limo_msgs/share/limo_msgs/cmake/limo_msgs__rosidl_typesupport_introspection_cppExport-noconfig.cmake\n'}
[2.405625] (limo_msgs) StdoutLine: {'line': b'-- Installing: /home/dong/Documents/LIMO_GAZEBO/ws_limo_humble/install/limo_msgs/share/limo_msgs/cmake/limo_msgs__rosidl_typesupport_cppExport.cmake\n'}
[2.405671] (limo_msgs) StdoutLine: {'line': b'-- Installing: /home/dong/Documents/LIMO_GAZEBO/ws_limo_humble/install/limo_msgs/share/limo_msgs/cmake/limo_msgs__rosidl_typesupport_cppExport-noconfig.cmake\n'}
[2.405734] (limo_msgs) StdoutLine: {'line': b'-- Installing: /home/dong/Documents/LIMO_GAZEBO/ws_limo_humble/install/limo_msgs/share/limo_msgs/cmake/export_limo_msgs__rosidl_generator_pyExport.cmake\n'}
[2.405795] (limo_msgs) StdoutLine: {'line': b'-- Installing: /home/dong/Documents/LIMO_GAZEBO/ws_limo_humble/install/limo_msgs/share/limo_msgs/cmake/export_limo_msgs__rosidl_generator_pyExport-noconfig.cmake\n'}
[2.406250] (-) TimerEvent: {}
[2.407416] (limo_msgs) CommandEnded: {'returncode': 0}
[2.415113] (limo_msgs) JobEnded: {'identifier': 'limo_msgs', 'rc': 0}
[2.415767] (limo_base) JobStarted: {'identifier': 'limo_base'}
[2.421573] (limo_base) JobProgress: {'identifier': 'limo_base', 'progress': 'cmake'}
[2.421805] (limo_base) Command: {'cmd': ['/usr/bin/cmake', '/home/dong/Documents/LIMO_GAZEBO/ws_limo_humble/src/limo_ros2/limo_base', '-DAMENT_CMAKE_SYMLINK_INSTALL=1', '-DCMAKE_INSTALL_PREFIX=/home/dong/Documents/LIMO_GAZEBO/ws_limo_humble/install/limo_base'], 'cwd': '/home/dong/Documents/LIMO_GAZEBO/ws_limo_humble/build/limo_base', 'env': OrderedDict([('NVIDIA_CTK_LIBCUDA_DIR', '/usr/lib/x86_64-linux-gnu'), ('HOSTNAME', 'dong-Predator-PHN16S-71'), ('SHLVL', '1'), ('LD_LIBRARY_PATH', '/home/dong/Documents/LIMO_GAZEBO/ws_limo_humble/install/limo_msgs/lib:/usr/lib/x86_64-linux-gnu/gazebo-11/plugins:/opt/ros/humble/opt/rviz_ogre_vendor/lib:/opt/ros/humble/lib/x86_64-linux-gnu:/opt/ros/humble/lib'), ('HOME', '/root'), ('OLDPWD', '/home/rcvlab0/Documents/ws_limo_humble'), ('ROS_PYTHON_VERSION', '3'), ('ROS_DISTRO', 'humble'), ('_', '/usr/bin/colcon'), ('ROS_VERSION', '2'), ('NVIDIA_DRIVER_CAPABILITIES', 'all'), ('TERM', 'xterm'), ('ROS_LOCALHOST_ONLY', '0'), ('QT_X11_NO_MITSHM', '1'), ('PATH', '/opt/ros/humble/bin:/usr/local/sbin:/usr/local/bin:/usr/sbin:/usr/bin:/sbin:/bin'), ('DISPLAY', ':0'), ('LANG', 'C.UTF-8'), ('LS_COLORS', 'rs=0:di=01;34:ln=01;36:mh=00:pi=40;33:so=01;35:do=01;35:bd=40;33;01:cd=40;33;01:or=40;31;01:mi=00:su=37;41:sg=30;43:ca=30;41:tw=30;42:ow=34;42:st=37;44:ex=01;32:*.tar=01;31:*.tgz=01;31:*.arc=01;31:*.arj=01;31:*.taz=01;31:*.lha=01;31:*.lz4=01;31:*.lzh=01;31:*.lzma=01;31:*.tlz=01;31:*.txz=01;31:*.tzo=01;31:*.t7z=01;31:*.zip=01;31:*.z=01;31:*.dz=01;31:*.gz=01;31:*.lrz=01;31:*.lz=01;31:*.lzo=01;31:*.xz=01;31:*.zst=01;31:*.tzst=01;31:*.bz2=01;31:*.bz=01;31:*.tbz=01;31:*.tbz2=01;31:*.tz=01;31:*.deb=01;31:*.rpm=01;31:*.jar=01;31:*.war=01;31:*.ear=01;31:*.sar=01;31:*.rar=01;31:*.alz=01;31:*.ace=01;31:*.zoo=01;31:*.cpio=01;31:*.7z=01;31:*.rz=01;31:*.cab=01;31:*.wim=01;31:*.swm=01;31:*.dwm=01;31:*.esd=01;31:*.jpg=01;35:*.jpeg=01;35:*.mjpg=01;35:*.mjpeg=01;35:*.gif=01;35:*.bmp=01;35:*.pbm=01;35:*.pgm=01;35:*.ppm=01;35:*.tga=01;35:*.xbm=01;35:*.xpm=01;35:*.tif=01;35:*.tiff=01;35:*.png=01;35:*.svg=01;35:*.svgz=01;35:*.mng=01;35:*.pcx=01;35:*.mov=01;35:*.mpg=01;35:*.mpeg=01;35:*.m2v=01;35:*.mkv=01;35:*.webm=01;35:*.webp=01;35:*.ogm=01;35:*.mp4=01;35:*.m4v=01;35:*.mp4v=01;35:*.vob=01;35:*.qt=01;35:*.nuv=01;35:*.wmv=01;35:*.asf=01;35:*.rm=01;35:*.rmvb=01;35:*.flc=01;35:*.avi=01;35:*.fli=01;35:*.flv=01;35:*.gl=01;35:*.dl=01;35:*.xcf=01;35:*.xwd=01;35:*.yuv=01;35:*.cgm=01;35:*.emf=01;35:*.ogv=01;35:*.ogx=01;35:*.aac=00;36:*.au=00;36:*.flac=00;36:*.m4a=00;36:*.mid=00;36:*.midi=00;36:*.mka=00;36:*.mp3=00;36:*.mpc=00;36:*.ogg=00;36:*.ra=00;36:*.wav=00;36:*.oga=00;36:*.opus=00;36:*.spx=00;36:*.xspf=00;36:'), ('AMENT_PREFIX_PATH', '/home/dong/Documents/LIMO_GAZEBO/ws_limo_humble/install/limo_msgs:/opt/ros/humble'), ('PWD', '/home/dong/Documents/LIMO_GAZEBO/ws_limo_humble/build/limo_base'), ('LC_ALL', 'C.UTF-8'), ('PYTHONPATH', '/home/dong/Documents/LIMO_GAZEBO/ws_limo_humble/install/limo_msgs/local/lib/python3.10/dist-packages:/opt/ros/humble/lib/python3.10/site-packages:/opt/ros/humble/local/lib/python3.10/dist-packages'), ('NVIDIA_VISIBLE_DEVICES', 'void'), ('COLCON', '1'), ('CMAKE_PREFIX_PATH', '/home/dong/Documents/LIMO_GAZEBO/ws_limo_humble/install/limo_msgs:/opt/ros/humble')]), 'shell': False}
[2.466654] (limo_base) StdoutLine: {'line': b'-- The C compiler identification is GNU 11.4.0\n'}
[2.502811] (limo_base) StdoutLine: {'line': b'-- The CXX compiler identification is GNU 11.4.0\n'}
[2.506293] (limo_base) StdoutLine: {'line': b'-- Detecting C compiler ABI info\n'}
[2.506394] (-) TimerEvent: {}
[2.557450] (limo_base) StdoutLine: {'line': b'-- Detecting C compiler ABI info - done\n'}
[2.561296] (limo_base) StdoutLine: {'line': b'-- Check for working C compiler: /usr/bin/cc - skipped\n'}
[2.561408] (limo_base) StdoutLine: {'line': b'-- Detecting C compile features\n'}
[2.561445] (limo_base) StdoutLine: {'line': b'-- Detecting C compile features - done\n'}
[2.562282] (limo_base) StdoutLine: {'line': b'-- Detecting CXX compiler ABI info\n'}
[2.606506] (-) TimerEvent: {}
[2.618735] (limo_base) StdoutLine: {'line': b'-- Detecting CXX compiler ABI info - done\n'}
[2.622851] (limo_base) StdoutLine: {'line': b'-- Check for working CXX compiler: /usr/bin/c++ - skipped\n'}
[2.623021] (limo_base) StdoutLine: {'line': b'-- Detecting CXX compile features\n'}
[2.623478] (limo_base) StdoutLine: {'line': b'-- Detecting CXX compile features - done\n'}
[2.624822] (limo_base) StdoutLine: {'line': b'-- Found ament_cmake: 1.3.14 (/opt/ros/humble/share/ament_cmake/cmake)\n'}
[2.706690] (-) TimerEvent: {}
[2.721669] (limo_base) StdoutLine: {'line': b'-- Found Python3: /usr/bin/python3 (found version "3.10.12") found components: Interpreter \n'}
[2.751157] (limo_base) StdoutLine: {'line': b'-- Override CMake install command with custom implementation using symlinks instead of copying resources\n'}
[2.765687] (limo_base) StdoutLine: {'line': b'-- Found rclcpp: 16.0.19 (/opt/ros/humble/share/rclcpp/cmake)\n'}
[2.786609] (limo_base) StdoutLine: {'line': b'-- Found rosidl_generator_c: 3.1.9 (/opt/ros/humble/share/rosidl_generator_c/cmake)\n'}
[2.789258] (limo_base) StdoutLine: {'line': b'-- Found rosidl_adapter: 3.1.9 (/opt/ros/humble/share/rosidl_adapter/cmake)\n'}
[2.793567] (limo_base) StdoutLine: {'line': b'-- Found rosidl_generator_cpp: 3.1.9 (/opt/ros/humble/share/rosidl_generator_cpp/cmake)\n'}
[2.799435] (limo_base) StdoutLine: {'line': b'-- Using all available rosidl_typesupport_c: rosidl_typesupport_fastrtps_c;rosidl_typesupport_introspection_c\n'}
[2.806848] (-) TimerEvent: {}
[2.807561] (limo_base) StdoutLine: {'line': b'-- Using all available rosidl_typesupport_cpp: rosidl_typesupport_fastrtps_cpp;rosidl_typesupport_introspection_cpp\n'}
[2.829407] (limo_base) StdoutLine: {'line': b'-- Found rmw_implementation_cmake: 6.1.3 (/opt/ros/humble/share/rmw_implementation_cmake/cmake)\n'}
[2.830917] (limo_base) StdoutLine: {'line': b'-- Found rmw_fastrtps_cpp: 6.2.10 (/opt/ros/humble/share/rmw_fastrtps_cpp/cmake)\n'}
[2.895654] (limo_base) StdoutLine: {'line': b'-- Found OpenSSL: /usr/lib/x86_64-linux-gnu/libcrypto.so (found version "3.0.2")  \n'}
[2.906992] (-) TimerEvent: {}
[2.909853] (limo_base) StdoutLine: {'line': b'-- Found FastRTPS: /opt/ros/humble/include  \n'}
[2.933702] (limo_base) StdoutLine: {'line': b"-- Using RMW implementation 'rmw_fastrtps_cpp' as default\n"}
[2.938309] (limo_base) StdoutLine: {'line': b'-- Looking for pthread.h\n'}
[2.996569] (limo_base) StdoutLine: {'line': b'-- Looking for pthread.h - found\n'}
[2.996761] (limo_base) StdoutLine: {'line': b'-- Performing Test CMAKE_HAVE_LIBC_PTHREAD\n'}
[3.007257] (-) TimerEvent: {}
[3.051595] (limo_base) StdoutLine: {'line': b'-- Performing Test CMAKE_HAVE_LIBC_PTHREAD - Success\n'}
[3.053290] (limo_base) StdoutLine: {'line': b'-- Found Threads: TRUE  \n'}
[3.083410] (limo_base) StdoutLine: {'line': b'-- Found geometry_msgs: 4.9.2 (/opt/ros/humble/share/geometry_msgs/cmake)\n'}
[3.087798] (limo_base) StdoutLine: {'line': b'-- Found nav_msgs: 4.9.2 (/opt/ros/humble/share/nav_msgs/cmake)\n'}
[3.095781] (limo_base) StdoutLine: {'line': b'-- Found sensor_msgs: 4.9.2 (/opt/ros/humble/share/sensor_msgs/cmake)\n'}
[3.104226] (limo_base) StdoutLine: {'line': b'-- Found tf2: 0.25.22 (/opt/ros/humble/share/tf2/cmake)\n'}
[3.107319] (-) TimerEvent: {}
[3.110546] (limo_base) StdoutLine: {'line': b'-- Found tf2_ros: 0.25.22 (/opt/ros/humble/share/tf2_ros/cmake)\n'}
[3.153732] (limo_base) StdoutLine: {'line': b'-- Found limo_msgs: 0.0.0 (/home/dong/Documents/LIMO_GAZEBO/ws_limo_humble/install/limo_msgs/share/limo_msgs/cmake)\n'}
[3.163157] (limo_base) StdoutLine: {'line': b'-- Found tf2_geometry_msgs: 0.25.22 (/opt/ros/humble/share/tf2_geometry_msgs/cmake)\n'}
[3.168961] (limo_base) StdoutLine: {'line': b'-- Found eigen3_cmake_module: 0.1.1 (/opt/ros/humble/share/eigen3_cmake_module/cmake)\n'}
[3.169608] (limo_base) StdoutLine: {'line': b'-- Found Eigen3: TRUE (found version "3.4.0") \n'}
[3.169669] (limo_base) StdoutLine: {'line': b'-- Ensuring Eigen3 include directory is part of orocos-kdl CMake target\n'}
[3.171059] (limo_base) StdoutLine: {'line': b'-- Found turtlesim: 1.4.3 (/opt/ros/humble/share/turtlesim/cmake)\n'}
[3.207413] (-) TimerEvent: {}
[3.210656] (limo_base) StdoutLine: {'line': b'-- Configuring done\n'}
[3.218408] (limo_base) StdoutLine: {'line': b'-- Generating done\n'}
[3.221159] (limo_base) StdoutLine: {'line': b'-- Build files have been written to: /home/dong/Documents/LIMO_GAZEBO/ws_limo_humble/build/limo_base\n'}
[3.227876] (limo_base) CommandEnded: {'returncode': 0}
[3.228615] (limo_base) JobProgress: {'identifier': 'limo_base', 'progress': 'build'}
[3.228646] (limo_base) Command: {'cmd': ['/usr/bin/cmake', '--build', '/home/dong/Documents/LIMO_GAZEBO/ws_limo_humble/build/limo_base', '--', '-j24', '-l24'], 'cwd': '/home/dong/Documents/LIMO_GAZEBO/ws_limo_humble/build/limo_base', 'env': OrderedDict([('NVIDIA_CTK_LIBCUDA_DIR', '/usr/lib/x86_64-linux-gnu'), ('HOSTNAME', 'dong-Predator-PHN16S-71'), ('SHLVL', '1'), ('LD_LIBRARY_PATH', '/home/dong/Documents/LIMO_GAZEBO/ws_limo_humble/install/limo_msgs/lib:/usr/lib/x86_64-linux-gnu/gazebo-11/plugins:/opt/ros/humble/opt/rviz_ogre_vendor/lib:/opt/ros/humble/lib/x86_64-linux-gnu:/opt/ros/humble/lib'), ('HOME', '/root'), ('OLDPWD', '/home/rcvlab0/Documents/ws_limo_humble'), ('ROS_PYTHON_VERSION', '3'), ('ROS_DISTRO', 'humble'), ('_', '/usr/bin/colcon'), ('ROS_VERSION', '2'), ('NVIDIA_DRIVER_CAPABILITIES', 'all'), ('TERM', 'xterm'), ('ROS_LOCALHOST_ONLY', '0'), ('QT_X11_NO_MITSHM', '1'), ('PATH', '/opt/ros/humble/bin:/usr/local/sbin:/usr/local/bin:/usr/sbin:/usr/bin:/sbin:/bin'), ('DISPLAY', ':0'), ('LANG', 'C.UTF-8'), ('LS_COLORS', 'rs=0:di=01;34:ln=01;36:mh=00:pi=40;33:so=01;35:do=01;35:bd=40;33;01:cd=40;33;01:or=40;31;01:mi=00:su=37;41:sg=30;43:ca=30;41:tw=30;42:ow=34;42:st=37;44:ex=01;32:*.tar=01;31:*.tgz=01;31:*.arc=01;31:*.arj=01;31:*.taz=01;31:*.lha=01;31:*.lz4=01;31:*.lzh=01;31:*.lzma=01;31:*.tlz=01;31:*.txz=01;31:*.tzo=01;31:*.t7z=01;31:*.zip=01;31:*.z=01;31:*.dz=01;31:*.gz=01;31:*.lrz=01;31:*.lz=01;31:*.lzo=01;31:*.xz=01;31:*.zst=01;31:*.tzst=01;31:*.bz2=01;31:*.bz=01;31:*.tbz=01;31:*.tbz2=01;31:*.tz=01;31:*.deb=01;31:*.rpm=01;31:*.jar=01;31:*.war=01;31:*.ear=01;31:*.sar=01;31:*.rar=01;31:*.alz=01;31:*.ace=01;31:*.zoo=01;31:*.cpio=01;31:*.7z=01;31:*.rz=01;31:*.cab=01;31:*.wim=01;31:*.swm=01;31:*.dwm=01;31:*.esd=01;31:*.jpg=01;35:*.jpeg=01;35:*.mjpg=01;35:*.mjpeg=01;35:*.gif=01;35:*.bmp=01;35:*.pbm=01;35:*.pgm=01;35:*.ppm=01;35:*.tga=01;35:*.xbm=01;35:*.xpm=01;35:*.tif=01;35:*.tiff=01;35:*.png=01;35:*.svg=01;35:*.svgz=01;35:*.mng=01;35:*.pcx=01;35:*.mov=01;35:*.mpg=01;35:*.mpeg=01;35:*.m2v=01;35:*.mkv=01;35:*.webm=01;35:*.webp=01;35:*.ogm=01;35:*.mp4=01;35:*.m4v=01;35:*.mp4v=01;35:*.vob=01;35:*.qt=01;35:*.nuv=01;35:*.wmv=01;35:*.asf=01;35:*.rm=01;35:*.rmvb=01;35:*.flc=01;35:*.avi=01;35:*.fli=01;35:*.flv=01;35:*.gl=01;35:*.dl=01;35:*.xcf=01;35:*.xwd=01;35:*.yuv=01;35:*.cgm=01;35:*.emf=01;35:*.ogv=01;35:*.ogx=01;35:*.aac=00;36:*.au=00;36:*.flac=00;36:*.m4a=00;36:*.mid=00;36:*.midi=00;36:*.mka=00;36:*.mp3=00;36:*.mpc=00;36:*.ogg=00;36:*.ra=00;36:*.wav=00;36:*.oga=00;36:*.opus=00;36:*.spx=00;36:*.xspf=00;36:'), ('AMENT_PREFIX_PATH', '/home/dong/Documents/LIMO_GAZEBO/ws_limo_humble/install/limo_msgs:/opt/ros/humble'), ('PWD', '/home/dong/Documents/LIMO_GAZEBO/ws_limo_humble/build/limo_base'), ('LC_ALL', 'C.UTF-8'), ('PYTHONPATH', '/home/dong/Documents/LIMO_GAZEBO/ws_limo_humble/install/limo_msgs/local/lib/python3.10/dist-packages:/opt/ros/humble/lib/python3.10/site-packages:/opt/ros/humble/local/lib/python3.10/dist-packages'), ('NVIDIA_VISIBLE_DEVICES', 'void'), ('COLCON', '1'), ('CMAKE_PREFIX_PATH', '/home/dong/Documents/LIMO_GAZEBO/ws_limo_humble/install/limo_msgs:/opt/ros/humble')]), 'shell': False}
[3.261229] (limo_base) StdoutLine: {'line': b'[ 16%] \x1b[32mBuilding CXX object CMakeFiles/tf_pub.dir/src/tf_pub.cpp.o\x1b[0m\n'}
[3.264119] (limo_base) StdoutLine: {'line': b'[ 33%] \x1b[32mBuilding CXX object CMakeFiles/limo_base.dir/src/serial_port.cpp.o\x1b[0m\n'}
[3.267138] (limo_base) StdoutLine: {'line': b'[ 50%] \x1b[32mBuilding CXX object CMakeFiles/limo_base.dir/src/limo_base_node.cpp.o\x1b[0m\n'}
[3.267676] (limo_base) StdoutLine: {'line': b'[ 66%] \x1b[32mBuilding CXX object CMakeFiles/limo_base.dir/src/limo_driver.cpp.o\x1b[0m\n'}
[3.308193] (-) TimerEvent: {}
[3.408494] (-) TimerEvent: {}
[3.508749] (-) TimerEvent: {}
[3.609004] (-) TimerEvent: {}
[3.710427] (-) TimerEvent: {}
[3.810864] (-) TimerEvent: {}
[3.911309] (-) TimerEvent: {}
[4.011668] (-) TimerEvent: {}
[4.112144] (-) TimerEvent: {}
[4.212688] (-) TimerEvent: {}
[4.313016] (-) TimerEvent: {}
[4.413334] (-) TimerEvent: {}
[4.513657] (-) TimerEvent: {}
[4.515366] (limo_base) StderrLine: {'line': b'\x1b[01m\x1b[K/home/dong/Documents/LIMO_GAZEBO/ws_limo_humble/src/limo_ros2/limo_base/src/limo_driver.cpp:\x1b[m\x1b[K In member function \xe2\x80\x98\x1b[01m\x1b[Kvoid AgileX::LimoDriver::parseFrame(const AgileX::LimoFrame&)\x1b[m\x1b[K\xe2\x80\x99:\n'}
[4.515555] (limo_base) StderrLine: {'line': b'\x1b[01m\x1b[K/home/dong/Documents/LIMO_GAZEBO/ws_limo_humble/src/limo_ros2/limo_base/src/limo_driver.cpp:298:21:\x1b[m\x1b[K \x1b[01;35m\x1b[Kwarning: \x1b[m\x1b[Kunused variable \xe2\x80\x98\x1b[01m\x1b[Kleft_wheel_odom\x1b[m\x1b[K\xe2\x80\x99 [\x1b[01;35m\x1b[K-Wunused-variable\x1b[m\x1b[K]\n'}
[4.515623] (limo_base) StderrLine: {'line': b'  298 |             int32_t \x1b[01;35m\x1b[Kleft_wheel_odom\x1b[m\x1b[K = (frame.data[3] & 0xff) | (frame.data[2] << 8) |\n'}
[4.515673] (limo_base) StderrLine: {'line': b'      |                     \x1b[01;35m\x1b[K^~~~~~~~~~~~~~~\x1b[m\x1b[K\n'}
[4.515716] (limo_base) StderrLine: {'line': b'\x1b[01m\x1b[K/home/dong/Documents/LIMO_GAZEBO/ws_limo_humble/src/limo_ros2/limo_base/src/limo_driver.cpp:300:21:\x1b[m\x1b[K \x1b[01;35m\x1b[Kwarning: \x1b[m\x1b[Kunused variable \xe2\x80\x98\x1b[01m\x1b[Kright_wheel_odom\x1b[m\x1b[K\xe2\x80\x99 [\x1b[01;35m\x1b[K-Wunused-variable\x1b[m\x1b[K]\n'}
[4.515759] (limo_base) StderrLine: {'line': b'  300 |             int32_t \x1b[01;35m\x1b[Kright_wheel_odom\x1b[m\x1b[K = (frame.data[7] & 0xff) | (frame.data[6] << 8) |\n'}
[4.515801] (limo_base) StderrLine: {'line': b'      |                     \x1b[01;35m\x1b[K^~~~~~~~~~~~~~~~\x1b[m\x1b[K\n'}
[4.518248] (limo_base) StderrLine: {'line': b'\x1b[01m\x1b[K/home/dong/Documents/LIMO_GAZEBO/ws_limo_humble/src/limo_ros2/limo_base/src/limo_driver.cpp:\x1b[m\x1b[K In member function \xe2\x80\x98\x1b[01m\x1b[Kvoid AgileX::LimoDriver::publishIMUData(double)\x1b[m\x1b[K\xe2\x80\x99:\n'}
[4.518392] (limo_base) StderrLine: {'line': b'\x1b[01m\x1b[K/home/dong/Documents/LIMO_GAZEBO/ws_limo_humble/src/limo_ros2/limo_base/src/limo_driver.cpp:489:16:\x1b[m\x1b[K \x1b[01;35m\x1b[Kwarning: \x1b[m\x1b[Kunused variable \xe2\x80\x98\x1b[01m\x1b[Kpresent_theta_\x1b[m\x1b[K\xe2\x80\x99 [\x1b[01;35m\x1b[K-Wunused-variable\x1b[m\x1b[K]\n'}
[4.518451] (limo_base) StderrLine: {'line': b'  489 |         double \x1b[01;35m\x1b[Kpresent_theta_\x1b[m\x1b[K =imu_data_.yaw;\n'}
[4.518498] (limo_base) StderrLine: {'line': b'      |                \x1b[01;35m\x1b[K^~~~~~~~~~~~~~\x1b[m\x1b[K\n'}
[4.518540] (limo_base) StderrLine: {'line': b'\x1b[01m\x1b[K/home/dong/Documents/LIMO_GAZEBO/ws_limo_humble/src/limo_ros2/limo_base/src/limo_driver.cpp:490:16:\x1b[m\x1b[K \x1b[01;35m\x1b[Kwarning: \x1b[m\x1b[Kunused variable \xe2\x80\x98\x1b[01m\x1b[Klast_theta_\x1b[m\x1b[K\xe2\x80\x99 [\x1b[01;35m\x1b[K-Wunused-variable\x1b[m\x1b[K]\n'}
[4.518582] (limo_base) StderrLine: {'line': b'  490 |         double \x1b[01;35m\x1b[Klast_theta_\x1b[m\x1b[K = imu_data_.yaw;\n'}
[4.518620] (limo_base) StderrLine: {'line': b'      |                \x1b[01;35m\x1b[K^~~~~~~~~~~\x1b[m\x1b[K\n'}
[4.613820] (-) TimerEvent: {}
[4.714151] (-) TimerEvent: {}
[4.814592] (-) TimerEvent: {}
[4.914886] (-) TimerEvent: {}
[5.015323] (-) TimerEvent: {}
[5.115703] (-) TimerEvent: {}
[5.200954] (limo_base) StdoutLine: {'line': b'[ 83%] \x1b[32m\x1b[1mLinking CXX executable tf_pub\x1b[0m\n'}
[5.215788] (-) TimerEvent: {}
[5.308993] (limo_base) StdoutLine: {'line': b'[ 83%] Built target tf_pub\n'}
[5.315866] (-) TimerEvent: {}
[5.416189] (-) TimerEvent: {}
[5.516596] (-) TimerEvent: {}
[5.617101] (-) TimerEvent: {}
[5.717352] (-) TimerEvent: {}
[5.817743] (-) TimerEvent: {}
[5.918159] (-) TimerEvent: {}
[6.018546] (-) TimerEvent: {}
[6.118942] (-) TimerEvent: {}
[6.219380] (-) TimerEvent: {}
[6.319757] (-) TimerEvent: {}
[6.420132] (-) TimerEvent: {}
[6.520556] (-) TimerEvent: {}
[6.620897] (-) TimerEvent: {}
[6.721243] (-) TimerEvent: {}
[6.821643] (-) TimerEvent: {}
[6.922070] (-) TimerEvent: {}
[7.022465] (-) TimerEvent: {}
[7.122843] (-) TimerEvent: {}
[7.223231] (-) TimerEvent: {}
[7.323599] (-) TimerEvent: {}
[7.423967] (-) TimerEvent: {}
[7.524440] (-) TimerEvent: {}
[7.624954] (-) TimerEvent: {}
[7.725357] (-) TimerEvent: {}
[7.771566] (limo_base) StdoutLine: {'line': b'[100%] \x1b[32m\x1b[1mLinking CXX executable limo_base\x1b[0m\n'}
[7.825578] (-) TimerEvent: {}
[7.926074] (-) TimerEvent: {}
[8.022772] (limo_base) StdoutLine: {'line': b'[100%] Built target limo_base\n'}
[8.026307] (-) TimerEvent: {}
[8.029302] (limo_base) CommandEnded: {'returncode': 0}
[8.029870] (limo_base) JobProgress: {'identifier': 'limo_base', 'progress': 'install'}
[8.030229] (limo_base) Command: {'cmd': ['/usr/bin/cmake', '--install', '/home/dong/Documents/LIMO_GAZEBO/ws_limo_humble/build/limo_base'], 'cwd': '/home/dong/Documents/LIMO_GAZEBO/ws_limo_humble/build/limo_base', 'env': OrderedDict([('NVIDIA_CTK_LIBCUDA_DIR', '/usr/lib/x86_64-linux-gnu'), ('HOSTNAME', 'dong-Predator-PHN16S-71'), ('SHLVL', '1'), ('LD_LIBRARY_PATH', '/home/dong/Documents/LIMO_GAZEBO/ws_limo_humble/install/limo_msgs/lib:/usr/lib/x86_64-linux-gnu/gazebo-11/plugins:/opt/ros/humble/opt/rviz_ogre_vendor/lib:/opt/ros/humble/lib/x86_64-linux-gnu:/opt/ros/humble/lib'), ('HOME', '/root'), ('OLDPWD', '/home/rcvlab0/Documents/ws_limo_humble'), ('ROS_PYTHON_VERSION', '3'), ('ROS_DISTRO', 'humble'), ('_', '/usr/bin/colcon'), ('ROS_VERSION', '2'), ('NVIDIA_DRIVER_CAPABILITIES', 'all'), ('TERM', 'xterm'), ('ROS_LOCALHOST_ONLY', '0'), ('QT_X11_NO_MITSHM', '1'), ('PATH', '/opt/ros/humble/bin:/usr/local/sbin:/usr/local/bin:/usr/sbin:/usr/bin:/sbin:/bin'), ('DISPLAY', ':0'), ('LANG', 'C.UTF-8'), ('LS_COLORS', 'rs=0:di=01;34:ln=01;36:mh=00:pi=40;33:so=01;35:do=01;35:bd=40;33;01:cd=40;33;01:or=40;31;01:mi=00:su=37;41:sg=30;43:ca=30;41:tw=30;42:ow=34;42:st=37;44:ex=01;32:*.tar=01;31:*.tgz=01;31:*.arc=01;31:*.arj=01;31:*.taz=01;31:*.lha=01;31:*.lz4=01;31:*.lzh=01;31:*.lzma=01;31:*.tlz=01;31:*.txz=01;31:*.tzo=01;31:*.t7z=01;31:*.zip=01;31:*.z=01;31:*.dz=01;31:*.gz=01;31:*.lrz=01;31:*.lz=01;31:*.lzo=01;31:*.xz=01;31:*.zst=01;31:*.tzst=01;31:*.bz2=01;31:*.bz=01;31:*.tbz=01;31:*.tbz2=01;31:*.tz=01;31:*.deb=01;31:*.rpm=01;31:*.jar=01;31:*.war=01;31:*.ear=01;31:*.sar=01;31:*.rar=01;31:*.alz=01;31:*.ace=01;31:*.zoo=01;31:*.cpio=01;31:*.7z=01;31:*.rz=01;31:*.cab=01;31:*.wim=01;31:*.swm=01;31:*.dwm=01;31:*.esd=01;31:*.jpg=01;35:*.jpeg=01;35:*.mjpg=01;35:*.mjpeg=01;35:*.gif=01;35:*.bmp=01;35:*.pbm=01;35:*.pgm=01;35:*.ppm=01;35:*.tga=01;35:*.xbm=01;35:*.xpm=01;35:*.tif=01;35:*.tiff=01;35:*.png=01;35:*.svg=01;35:*.svgz=01;35:*.mng=01;35:*.pcx=01;35:*.mov=01;35:*.mpg=01;35:*.mpeg=01;35:*.m2v=01;35:*.mkv=01;35:*.webm=01;35:*.webp=01;35:*.ogm=01;35:*.mp4=01;35:*.m4v=01;35:*.mp4v=01;35:*.vob=01;35:*.qt=01;35:*.nuv=01;35:*.wmv=01;35:*.asf=01;35:*.rm=01;35:*.rmvb=01;35:*.flc=01;35:*.avi=01;35:*.fli=01;35:*.flv=01;35:*.gl=01;35:*.dl=01;35:*.xcf=01;35:*.xwd=01;35:*.yuv=01;35:*.cgm=01;35:*.emf=01;35:*.ogv=01;35:*.ogx=01;35:*.aac=00;36:*.au=00;36:*.flac=00;36:*.m4a=00;36:*.mid=00;36:*.midi=00;36:*.mka=00;36:*.mp3=00;36:*.mpc=00;36:*.ogg=00;36:*.ra=00;36:*.wav=00;36:*.oga=00;36:*.opus=00;36:*.spx=00;36:*.xspf=00;36:'), ('AMENT_PREFIX_PATH', '/home/dong/Documents/LIMO_GAZEBO/ws_limo_humble/install/limo_msgs:/opt/ros/humble'), ('PWD', '/home/dong/Documents/LIMO_GAZEBO/ws_limo_humble/build/limo_base'), ('LC_ALL', 'C.UTF-8'), ('PYTHONPATH', '/home/dong/Documents/LIMO_GAZEBO/ws_limo_humble/install/limo_msgs/local/lib/python3.10/dist-packages:/opt/ros/humble/lib/python3.10/site-packages:/opt/ros/humble/local/lib/python3.10/dist-packages'), ('NVIDIA_VISIBLE_DEVICES', 'void'), ('COLCON', '1'), ('CMAKE_PREFIX_PATH', '/home/dong/Documents/LIMO_GAZEBO/ws_limo_humble/install/limo_msgs:/opt/ros/humble')]), 'shell': False}
[8.038297] (limo_base) StdoutLine: {'line': b'-- Install configuration: ""\n'}
[8.038353] (limo_base) StdoutLine: {'line': b'-- Execute custom install script\n'}
[8.038380] (limo_base) StdoutLine: {'line': b'-- Symlinking: /home/dong/Documents/LIMO_GAZEBO/ws_limo_humble/install/limo_base/include/limo_base/limo_driver.h\n'}
[8.042760] (limo_base) StdoutLine: {'line': b'-- Symlinking: /home/dong/Documents/LIMO_GAZEBO/ws_limo_humble/install/limo_base/include/limo_base/limo_protocol.h\n'}
[8.046844] (limo_base) StdoutLine: {'line': b'-- Symlinking: /home/dong/Documents/LIMO_GAZEBO/ws_limo_humble/install/limo_base/include/limo_base/serial_port.h\n'}
[8.050914] (limo_base) StdoutLine: {'line': b'-- Symlinking: /home/dong/Documents/LIMO_GAZEBO/ws_limo_humble/install/limo_base/lib/limo_base/limo_base\n'}
[8.055309] (limo_base) StdoutLine: {'line': b'-- Symlinking: /home/dong/Documents/LIMO_GAZEBO/ws_limo_humble/install/limo_base/lib/limo_base/tf_pub\n'}
[8.059442] (limo_base) StdoutLine: {'line': b'-- Symlinking: /home/dong/Documents/LIMO_GAZEBO/ws_limo_humble/install/limo_base/share/limo_base//launch/limo_base.launch.py\n'}
[8.066341] (limo_base) StdoutLine: {'line': b'-- Symlinking: /home/dong/Documents/LIMO_GAZEBO/ws_limo_humble/install/limo_base/share/limo_base//launch/open_ydlidar_launch.py\n'}
[8.071006] (limo_base) StdoutLine: {'line': b'-- Symlinking: /home/dong/Documents/LIMO_GAZEBO/ws_limo_humble/install/limo_base/share/limo_base//launch/start_limo.launch.py\n'}
[8.075005] (limo_base) StdoutLine: {'line': b'-- Symlinking: /home/dong/Documents/LIMO_GAZEBO/ws_limo_humble/install/limo_base/share/limo_base//src/limo_base_node.cpp\n'}
[8.081475] (limo_base) StdoutLine: {'line': b'-- Symlinking: /home/dong/Documents/LIMO_GAZEBO/ws_limo_humble/install/limo_base/share/limo_base//src/limo_driver.cpp\n'}
[8.082010] (limo_base) StdoutLine: {'line': b'-- Symlinking: /home/dong/Documents/LIMO_GAZEBO/ws_limo_humble/install/limo_base/share/limo_base//src/serial_port.cpp\n'}
[8.087863] (limo_base) StdoutLine: {'line': b'-- Symlinking: /home/dong/Documents/LIMO_GAZEBO/ws_limo_humble/install/limo_base/share/limo_base//src/tf_pub.cpp\n'}
[8.095355] (limo_base) StdoutLine: {'line': b'-- Symlinking: /home/dong/Documents/LIMO_GAZEBO/ws_limo_humble/install/limo_base/share/ament_index/resource_index/package_run_dependencies/limo_base\n'}
[8.100832] (limo_base) StdoutLine: {'line': b'-- Symlinking: /home/dong/Documents/LIMO_GAZEBO/ws_limo_humble/install/limo_base/share/ament_index/resource_index/parent_prefix_path/limo_base\n'}
[8.105332] (limo_base) StdoutLine: {'line': b'-- Symlinking: /home/dong/Documents/LIMO_GAZEBO/ws_limo_humble/install/limo_base/share/limo_base/environment/ament_prefix_path.sh\n'}
[8.110627] (limo_base) StdoutLine: {'line': b'-- Symlinking: /home/dong/Documents/LIMO_GAZEBO/ws_limo_humble/install/limo_base/share/limo_base/environment/ament_prefix_path.dsv\n'}
[8.115074] (limo_base) StdoutLine: {'line': b'-- Symlinking: /home/dong/Documents/LIMO_GAZEBO/ws_limo_humble/install/limo_base/share/limo_base/environment/path.sh\n'}
[8.119298] (limo_base) StdoutLine: {'line': b'-- Symlinking: /home/dong/Documents/LIMO_GAZEBO/ws_limo_humble/install/limo_base/share/limo_base/environment/path.dsv\n'}
[8.125797] (limo_base) StdoutLine: {'line': b'-- Symlinking: /home/dong/Documents/LIMO_GAZEBO/ws_limo_humble/install/limo_base/share/limo_base/local_setup.bash\n'}
[8.126360] (-) TimerEvent: {}
[8.130249] (limo_base) StdoutLine: {'line': b'-- Symlinking: /home/dong/Documents/LIMO_GAZEBO/ws_limo_humble/install/limo_base/share/limo_base/local_setup.sh\n'}
[8.134159] (limo_base) StdoutLine: {'line': b'-- Symlinking: /home/dong/Documents/LIMO_GAZEBO/ws_limo_humble/install/limo_base/share/limo_base/local_setup.zsh\n'}
[8.138206] (limo_base) StdoutLine: {'line': b'-- Symlinking: /home/dong/Documents/LIMO_GAZEBO/ws_limo_humble/install/limo_base/share/limo_base/local_setup.dsv\n'}
[8.141999] (limo_base) StdoutLine: {'line': b'-- Symlinking: /home/dong/Documents/LIMO_GAZEBO/ws_limo_humble/install/limo_base/share/limo_base/package.dsv\n'}
[8.145915] (limo_base) StdoutLine: {'line': b'-- Symlinking: /home/dong/Documents/LIMO_GAZEBO/ws_limo_humble/install/limo_base/share/ament_index/resource_index/packages/limo_base\n'}
[8.152888] (limo_base) StdoutLine: {'line': b'-- Symlinking: /home/dong/Documents/LIMO_GAZEBO/ws_limo_humble/install/limo_base/share/limo_base/cmake/ament_cmake_export_include_directories-extras.cmake\n'}
[8.156708] (limo_base) StdoutLine: {'line': b'-- Symlinking: /home/dong/Documents/LIMO_GAZEBO/ws_limo_humble/install/limo_base/share/limo_base/cmake/limo_baseConfig.cmake\n'}
[8.160864] (limo_base) StdoutLine: {'line': b'-- Symlinking: /home/dong/Documents/LIMO_GAZEBO/ws_limo_humble/install/limo_base/share/limo_base/cmake/limo_baseConfig-version.cmake\n'}
[8.166577] (limo_base) StdoutLine: {'line': b'-- Symlinking: /home/dong/Documents/LIMO_GAZEBO/ws_limo_humble/install/limo_base/share/limo_base/package.xml\n'}
[8.171554] (limo_base) CommandEnded: {'returncode': 0}
[8.177306] (limo_base) JobEnded: {'identifier': 'limo_base', 'rc': 0}
[8.177594] (-) EventReactorShutdown: {}
